date,time,latitude,longitude,temperature,humidity,pressure,ae0,we0,ae1,we1
9999-99-99,99:99:99,0.000000,0.000000,21.619364,32.082092,956.570007,39.281250,38.000000,38.875000,13.093750
2018-01-21,14:57:21,48.149237,11.535963,21.800945,31.358816,957.450012,218.687500,218.406250,213.500000,212.062500
2018-01-21,15:07:21,48.152290,11.536907,21.758221,32.173649,957.809998,227.750000,227.531250,222.750000,224.531250
2018-01-21,15:17:22,48.154310,11.528005,21.533913,29.770351,956.900024,229.875000,229.656250,225.750000,227.906250
2018-01-21,15:27:23,48.154472,11.528140,22.084002,32.254520,956.969971,233.968750,233.812500,229.687500,232.906250
9999-99-99,99:99:99,0.000000,0.000000,22.153429,36.536201,949.539978,39.218750,37.937500,38.125000,103.531250
9999-99-99,99:99:99,0.000000,0.000000,21.771572,32.822155,950.109985,225.750000,225.468750,220.406250,242.000000
9999-99-99,99:99:99,0.000000,0.000000,18.596552,42.754253,950.289978,227.812500,228.156250,224.187500,237.781250
9999-99-99,99:99:99,0.000000,0.000000,15.669871,49.735256,950.510010,232.125000,232.437500,229.031250,244.593750
9999-99-99,99:99:99,0.000000,0.000000,13.672465,55.318531,950.630005,234.937500,235.187500,231.750000,249.500000
9999-99-99,99:99:99,0.000000,0.000000,12.267872,61.338215,950.650024,236.625000,236.968750,233.593750,250.968750
9999-99-99,99:99:99,0.000000,0.000000,11.239796,64.420540,950.789978,237.812500,237.968750,234.875000,252.125000
9999-99-99,99:99:99,0.000000,0.000000,10.494774,68.915848,950.809998,238.625000,238.875000,235.781250,252.781250
9999-99-99,99:99:99,0.000000,0.000000,9.877928,71.427483,950.890015,238.750000,238.906250,236.000000,252.562500
9999-99-99,99:99:99,0.000000,0.000000,9.442664,73.752960,951.039978,239.406250,239.656250,236.500000,251.062500
9999-99-99,99:99:99,0.000000,0.000000,9.162280,75.280388,951.200012,239.656250,239.937500,236.781250,254.093750
9999-99-99,99:99:99,0.000000,0.000000,8.937972,76.237122,951.380005,239.625000,239.750000,237.062500,249.750000
9999-99-99,99:99:99,0.000000,0.000000,8.710994,77.558556,951.619995,240.000000,240.156250,237.062500,251.750000
9999-99-99,99:99:99,0.000000,0.000000,8.569467,78.359657,951.520020,240.156250,240.406250,237.187500,251.250000
9999-99-99,99:99:99,0.000000,0.000000,8.470665,78.686195,951.669983,240.125000,240.375000,237.250000,252.718750
9999-99-99,99:99:99,0.000000,0.000000,8.318456,79.537651,951.750000,240.031250,240.281250,237.281250,251.250000
9999-99-99,99:99:99,0.000000,0.000000,8.233006,79.618523,952.039978,240.250000,240.437500,237.406250,250.812500
9999-99-99,99:99:99,0.000000,0.000000,8.080796,80.352486,951.929993,240.187500,240.593750,237.187500,258.843750
9999-99-99,99:99:99,0.000000,0.000000,8.038072,80.796524,952.039978,240.500000,240.656250,237.625000,558.187500
9999-99-99,99:99:99,0.000000,0.000000,7.995346,80.727852,952.299988,240.437500,240.500000,237.656250,622.687500
9999-99-99,99:99:99,0.000000,0.000000,7.968643,81.162735,952.380005,240.562500,240.718750,237.687500,319.843750
9999-99-99,99:99:99,0.000000,0.000000,7.952621,81.490807,952.609985,240.593750,240.750000,237.875000,371.312500
9999-99-99,99:99:99,0.000000,0.000000,7.912566,81.477074,952.729980,240.656250,240.687500,237.875000,546.875000
9999-99-99,99:99:99,0.000000,0.000000,7.869841,81.821930,952.799988,240.656250,240.750000,237.531250,348.687500
9999-99-99,99:99:99,0.000000,0.000000,7.827115,82.142365,952.909973,240.781250,241.000000,237.625000,342.406250
9999-99-99,99:99:99,0.000000,0.000000,7.827115,81.977570,953.270020,240.812500,241.000000,237.968750,384.156250
9999-99-99,99:99:99,0.000000,0.000000,7.800412,81.927216,953.469971,240.781250,241.031250,237.875000,331.562500
9999-99-99,99:99:99,0.000000,0.000000,7.840467,81.934845,953.750000,240.750000,240.812500,237.781250,336.906250
9999-99-99,99:99:99,0.000000,0.000000,7.800412,82.513161,953.900024,240.656250,240.687500,237.906250,325.718750
9999-99-99,99:99:99,0.000000,0.000000,7.757687,82.787827,954.260010,240.812500,240.812500,237.812500,324.125000
9999-99-99,99:99:99,0.000000,0.000000,7.757687,82.786301,954.429993,240.687500,240.875000,237.875000,306.906250
9999-99-99,99:99:99,0.000000,0.000000,7.698939,82.526894,954.500000,240.656250,240.718750,237.750000,301.968750
9999-99-99,99:99:99,0.000000,0.000000,7.629511,82.507057,954.809998,240.812500,240.812500,238.000000,324.062500
9999-99-99,99:99:99,0.000000,0.000000,7.557412,82.282753,955.229980,240.718750,240.687500,237.812500,298.843750
9999-99-99,99:99:99,0.000000,0.000000,7.461280,82.133209,955.390015,240.812500,240.656250,237.781250,294.343750
9999-99-99,99:99:99,0.000000,0.000000,7.418555,82.136261,955.570007,240.625000,240.562500,237.781250,286.218750
9999-99-99,99:99:99,0.000000,0.000000,7.319753,82.351418,955.669983,240.781250,240.875000,237.625000,284.750000
9999-99-99,99:99:99,0.000000,0.000000,7.362478,82.433815,956.020020,240.781250,240.687500,237.750000,276.187500
9999-99-99,99:99:99,0.000000,0.000000,7.277028,82.072174,956.380005,240.781250,240.875000,237.968750,271.125000
9999-99-99,99:99:99,0.000000,0.000000,7.277028,82.485695,956.679993,241.000000,240.968750,238.000000,267.093750
9999-99-99,99:99:99,0.000000,0.000000,7.236973,82.124054,956.919983,241.000000,240.937500,238.125000,264.625000
9999-99-99,99:99:99,0.000000,0.000000,7.207599,81.847870,957.190002,240.781250,240.656250,237.906250,257.281250
9999-99-99,99:99:99,0.000000,0.000000,7.095445,81.911957,957.359985,240.656250,240.531250,237.906250,250.968750
9999-99-99,99:99:99,0.000000,0.000000,7.082094,81.998932,957.640015,240.968750,240.875000,237.875000,247.250000
9999-99-99,99:99:99,0.000000,0.000000,7.039368,82.085907,957.960022,241.000000,240.937500,238.062500,245.500000
9999-99-99,99:99:99,0.000000,0.000000,6.969940,82.076752,958.119995,241.000000,240.906250,238.093750,244.500000
9999-99-99,99:99:99,0.000000,0.000000,6.828413,81.046768,958.250000,240.750000,240.625000,237.687500,242.593750
9999-99-99,99:99:99,0.000000,0.000000,6.689555,79.943542,958.299988,240.968750,240.781250,237.718750,242.000000
9999-99-99,99:99:99,0.000000,0.000000,6.548028,80.270088,958.510010,240.875000,240.781250,237.687500,243.937500
9999-99-99,99:99:99,0.000000,0.000000,6.462577,80.215149,958.719971,241.156250,241.062500,237.875000,245.375000
9999-99-99,99:99:99,0.000000,0.000000,6.449225,80.283821,958.900024,241.031250,241.093750,237.968750,246.093750
9999-99-99,99:99:99,0.000000,0.000000,6.350423,80.164795,958.909973,240.906250,240.812500,237.843750,244.625000
9999-99-99,99:99:99,0.000000,0.000000,6.337072,80.068665,959.010010,241.062500,241.125000,238.250000,246.593750
9999-99-99,99:99:99,0.000000,0.000000,6.337072,79.853516,959.309998,241.125000,240.968750,238.250000,243.406250
9999-99-99,99:99:99,0.000000,0.000000,6.251621,80.204468,959.280029,240.937500,240.843750,238.031250,244.062500
9999-99-99,99:99:99,0.000000,0.000000,6.155489,80.933853,959.419983,240.875000,240.812500,238.125000,246.187500
9999-99-99,99:99:99,0.000000,0.000000,6.168841,81.094070,959.650024,241.093750,241.062500,238.218750,245.218750
9999-99-99,99:99:99,0.000000,0.000000,6.126116,81.605247,959.809998,241.218750,241.062500,238.281250,244.281250
9999-99-99,99:99:99,0.000000,0.000000,6.043335,81.577782,959.549988,240.906250,240.718750,237.812500,242.656250
9999-99-99,99:99:99,0.000000,0.000000,5.987259,81.843292,959.750000,240.843750,240.750000,238.000000,243.781250
9999-99-99,99:99:99,0.000000,0.000000,5.944533,81.441978,959.809998,241.000000,240.906250,238.031250,243.843750
9999-99-99,99:99:99,0.000000,0.000000,5.931182,81.197830,960.099976,241.062500,240.937500,238.187500,244.375000
9999-99-99,99:99:99,0.000000,0.000000,5.957885,80.762955,960.239990,241.250000,241.125000,238.250000,244.593750
9999-99-99,99:99:99,0.000000,0.000000,5.888456,80.753799,960.510010,241.093750,240.968750,238.218750,243.156250
9999-99-99,99:99:99,0.000000,0.000000,5.901808,81.129166,960.630005,241.031250,240.812500,238.031250,242.281250
9999-99-99,99:99:99,0.000000,0.000000,5.888456,80.393684,960.710022,241.031250,240.875000,238.250000,242.406250
9999-99-99,99:99:99,0.000000,0.000000,5.832380,81.280235,960.710022,240.812500,240.656250,237.875000,242.687500
9999-99-99,99:99:99,0.000000,0.000000,5.776303,81.435875,960.669983,241.000000,240.906250,238.000000,243.562500
9999-99-99,99:99:99,0.000000,0.000000,5.664149,81.611351,960.950012,241.093750,240.968750,237.875000,242.875000
9999-99-99,99:99:99,0.000000,0.000000,5.690852,80.910965,961.049988,240.750000,240.625000,237.937500,243.843750
9999-99-99,99:99:99,0.000000,0.000000,5.664149,80.854507,961.109985,240.906250,240.843750,238.062500,244.187500
9999-99-99,99:99:99,0.000000,0.000000,5.581369,81.000992,961.479980,240.937500,240.781250,238.093750,243.937500
9999-99-99,99:99:99,0.000000,0.000000,5.551995,80.585945,961.640015,241.281250,241.156250,238.281250,244.468750
9999-99-99,99:99:99,0.000000,0.000000,5.506599,80.416573,961.570007,241.031250,240.875000,238.031250,243.156250
9999-99-99,99:99:99,0.000000,0.000000,5.522622,79.542229,961.630005,241.218750,241.125000,238.312500,245.781250
9999-99-99,99:99:99,0.000000,0.000000,5.437171,79.414055,961.780029,241.125000,241.031250,238.156250,244.250000
9999-99-99,99:99:99,0.000000,0.000000,5.394446,79.513237,961.650024,240.906250,240.906250,238.062500,246.218750
9999-99-99,99:99:99,0.000000,0.000000,5.367743,79.348442,961.950012,241.000000,241.000000,238.093750,247.562500
9999-99-99,99:99:99,0.000000,0.000000,5.282292,79.848938,962.190002,241.031250,241.031250,238.000000,246.718750
9999-99-99,99:99:99,0.000000,0.000000,5.338369,79.678032,962.280029,241.343750,241.437500,238.593750,250.000000
9999-99-99,99:99:99,0.000000,0.000000,5.282292,80.077820,962.400024,241.062500,241.093750,238.218750,247.625000
9999-99-99,99:99:99,0.000000,0.000000,5.282292,80.296028,962.510010,241.156250,241.156250,238.031250,247.312500
9999-99-99,99:99:99,0.000000,0.000000,5.212863,79.464409,962.590027,241.031250,241.093750,238.031250,253.625000
9999-99-99,99:99:99,0.000000,0.000000,5.143435,79.687187,962.859985,241.375000,241.437500,238.281250,251.750000
9999-99-99,99:99:99,0.000000,0.000000,5.143435,79.824524,963.090027,241.218750,241.250000,238.312500,252.375000
9999-99-99,99:99:99,0.000000,0.000000,5.114061,79.844360,963.159973,241.218750,241.218750,238.656250,251.812500
9999-99-99,99:99:99,0.000000,0.000000,5.186160,80.137329,963.369995,241.187500,241.281250,238.468750,250.562500
9999-99-99,99:99:99,0.000000,0.000000,5.226215,80.260933,963.460022,241.125000,241.250000,238.156250,250.843750
9999-99-99,99:99:99,0.000000,0.000000,5.242237,80.437935,963.580017,241.125000,241.281250,238.343750,251.218750
9999-99-99,99:99:99,0.000000,0.000000,5.354391,80.205994,963.659973,241.218750,241.437500,238.562500,252.781250
9999-99-99,99:99:99,0.000000,0.000000,5.367743,79.935913,963.719971,241.250000,241.375000,238.343750,252.125000
9999-99-99,99:99:99,0.000000,0.000000,5.423820,79.856567,963.890015,241.312500,241.406250,238.468750,250.093750
9999-99-99,99:99:99,0.000000,0.000000,5.410468,80.030518,964.000000,241.281250,241.437500,238.187500,249.593750
9999-99-99,99:99:99,0.000000,0.000000,5.479896,80.172424,964.289978,241.312500,241.468750,238.531250,249.375000
9999-99-99,99:99:99,0.000000,0.000000,5.608072,79.792480,964.460022,241.406250,241.531250,238.656250,254.125000
9999-99-99,99:99:99,0.000000,0.000000,5.720226,79.363701,964.710022,241.406250,241.437500,238.312500,250.906250
9999-99-99,99:99:99,0.000000,0.000000,5.819028,79.330132,964.739990,241.343750,241.468750,238.562500,250.593750
9999-99-99,99:99:99,0.000000,0.000000,6.013962,78.617531,964.909973,241.343750,241.625000,238.718750,250.093750
9999-99-99,99:99:99,0.000000,0.000000,6.168841,77.933929,965.000000,241.281250,241.312500,238.593750,248.656250
9999-99-99,99:99:99,0.000000,0.000000,6.379797,76.913101,965.140015,241.125000,241.156250,238.468750,249.093750
9999-99-99,99:99:99,0.000000,0.000000,6.505302,75.724419,965.280029,241.187500,241.312500,238.468750,248.218750
9999-99-99,99:99:99,0.000000,0.000000,6.689555,75.471123,965.479980,241.156250,241.187500,238.250000,248.062500
9999-99-99,99:99:99,0.000000,0.000000,6.956588,73.954376,965.469971,241.312500,241.375000,238.531250,249.500000
9999-99-99,99:99:99,0.000000,0.000000,7.180896,73.498131,965.650024,241.093750,241.156250,238.187500,247.406250
9999-99-99,99:99:99,0.000000,0.000000,7.207599,74.013885,965.789978,240.843750,240.875000,237.968750,252.937500
9999-99-99,99:99:99,0.000000,0.000000,7.349126,72.390327,965.789978,241.062500,241.156250,238.375000,250.093750
9999-99-99,99:99:99,0.000000,0.000000,7.487984,71.706718,965.989990,241.062500,241.031250,238.218750,255.937500
9999-99-99,99:99:99,0.000000,0.000000,7.712291,70.759140,966.179993,241.000000,241.000000,238.093750,250.562500
9999-99-99,99:99:99,0.000000,0.000000,8.080796,69.106583,966.169983,241.343750,241.281250,238.437500,250.125000
9999-99-99,99:99:99,0.000000,0.000000,8.414588,67.545586,966.090027,241.125000,241.093750,238.531250,251.562500
9999-99-99,99:99:99,0.000000,0.000000,8.654917,66.366066,966.210022,241.031250,241.093750,238.000000,248.406250
9999-99-99,99:99:99,0.000000,0.000000,8.921950,66.410316,966.099976,240.750000,240.781250,238.000000,248.187500
9999-99-99,99:99:99,0.000000,0.000000,9.076829,65.375755,966.090027,240.625000,240.656250,237.906250,247.656250
9999-99-99,99:99:99,0.000000,0.000000,9.020752,65.352867,966.320007,240.250000,240.281250,237.593750,249.656250
9999-99-99,99:99:99,0.000000,0.000000,8.921950,65.574120,966.409973,240.187500,240.343750,237.750000,247.781250
9999-99-99,99:99:99,0.000000,0.000000,8.908599,65.206375,966.400024,240.406250,240.531250,237.656250,253.406250
9999-99-99,99:99:99,0.000000,0.000000,8.951324,64.885941,966.500000,240.656250,240.718750,237.593750,252.875000
9999-99-99,99:99:99,0.000000,0.000000,9.202334,64.924088,966.280029,240.625000,240.656250,237.937500,248.843750
9999-99-99,99:99:99,0.000000,0.000000,9.498741,63.604179,966.150024,240.968750,241.187500,238.250000,246.125000
9999-99-99,99:99:99,0.000000,0.000000,9.720379,62.047760,966.239990,240.656250,240.656250,237.937500,249.312500
9999-99-99,99:99:99,0.000000,0.000000,9.795148,61.232929,966.210022,240.375000,240.468750,237.750000,247.218750
9999-99-99,99:99:99,0.000000,0.000000,10.046159,60.546272,965.989990,240.375000,240.375000,237.875000,248.906250
9999-99-99,99:99:99,0.000000,0.000000,10.369268,59.316395,966.010010,240.687500,240.593750,238.062500,247.562500
9999-99-99,99:99:99,0.000000,0.000000,10.508125,58.953232,965.919983,240.437500,240.531250,237.812500,252.375000
9999-99-99,99:99:99,0.000000,0.000000,10.735104,58.579384,965.869995,240.343750,240.375000,237.750000,248.812500
9999-99-99,99:99:99,0.000000,0.000000,10.807202,57.232014,965.859985,240.218750,240.156250,237.875000,246.312500
9999-99-99,99:99:99,0.000000,0.000000,10.833905,57.991913,965.750000,240.125000,240.093750,237.406250,245.593750
9999-99-99,99:99:99,0.000000,0.000000,10.764477,57.343403,965.750000,239.781250,239.750000,237.406250,249.031250
9999-99-99,99:99:99,0.000000,0.000000,10.481422,58.025482,965.799988,239.875000,240.156250,237.343750,246.687500
9999-99-99,99:99:99,0.000000,0.000000,10.355917,58.847942,965.710022,240.000000,239.906250,237.156250,245.531250
9999-99-99,99:99:99,0.000000,0.000000,10.425345,58.735027,965.789978,240.187500,240.156250,237.250000,251.718750
9999-99-99,99:99:99,0.000000,0.000000,10.553521,58.591591,965.619995,240.187500,240.343750,237.656250,247.218750
9999-99-99,99:99:99,0.000000,0.000000,10.508125,58.844891,965.719971,239.906250,239.875000,237.468750,247.906250
9999-99-99,99:99:99,0.000000,0.000000,10.425345,59.087509,965.599976,239.812500,239.875000,237.093750,253.437500
9999-99-99,99:99:99,0.000000,0.000000,10.326543,59.401848,965.710022,239.875000,240.031250,237.281250,248.343750
9999-99-99,99:99:99,0.000000,0.000000,10.171664,60.070190,965.799988,239.718750,239.781250,237.187500,249.468750
9999-99-99,99:99:99,0.000000,0.000000,9.864576,61.390099,965.919983,239.843750,239.843750,237.125000,247.531250
9999-99-99,99:99:99,0.000000,0.000000,9.693675,62.035553,965.880005,239.875000,240.000000,237.281250,255.218750
9999-99-99,99:99:99,0.000000,0.000000,9.568170,62.404823,965.869995,240.125000,240.343750,237.625000,251.531250
9999-99-99,99:99:99,0.000000,0.000000,9.469368,63.608757,966.049988,240.281250,240.531250,237.468750,255.531250
9999-99-99,99:99:99,0.000000,0.000000,9.287786,64.483101,965.960022,240.312500,240.718750,237.750000,253.625000
9999-99-99,99:99:99,0.000000,0.000000,9.050126,65.693138,966.239990,240.031250,240.468750,237.468750,253.312500
9999-99-99,99:99:99,0.000000,0.000000,8.751049,66.945908,966.340027,240.031250,240.281250,237.593750,256.031250
9999-99-99,99:99:99,0.000000,0.000000,8.569467,68.792252,966.289978,240.125000,240.406250,237.625000,255.500000
9999-99-99,99:99:99,0.000000,0.000000,8.374533,71.139084,966.320007,240.218750,240.531250,237.718750,260.843750
9999-99-99,99:99:99,0.000000,0.000000,8.107500,71.642632,966.229980,240.218750,240.343750,237.406250,250.437500
9999-99-99,99:99:99,0.000000,0.000000,7.840467,72.777908,966.320007,240.375000,240.718750,237.562500,250.656250
9999-99-99,99:99:99,0.000000,0.000000,7.656214,73.249405,966.369995,240.437500,240.656250,237.906250,254.281250
9999-99-99,99:99:99,0.000000,0.000000,7.573434,73.617149,966.400024,240.937500,241.218750,238.343750,253.781250
9999-99-99,99:99:99,0.000000,0.000000,7.517357,73.725487,966.419983,240.875000,241.156250,238.218750,254.968750
9999-99-99,99:99:99,0.000000,0.000000,7.461280,73.743797,966.409973,240.968750,241.218750,238.312500,253.625000
9999-99-99,99:99:99,0.000000,0.000000,7.418555,73.514915,966.489990,240.843750,241.125000,238.343750,255.375000
9999-99-99,99:99:99,0.000000,0.000000,7.461280,73.269249,966.479980,241.187500,241.656250,238.781250,256.968750
9999-99-99,99:99:99,0.000000,0.000000,7.487984,71.845581,966.500000,240.906250,241.093750,238.281250,256.437500
9999-99-99,99:99:99,0.000000,0.000000,7.431907,71.825745,966.450012,240.531250,240.656250,238.062500,253.000000
9999-99-99,99:99:99,0.000000,0.000000,7.250324,71.120773,966.489990,240.375000,240.468750,237.718750,249.187500
9999-99-99,99:99:99,0.000000,0.000000,7.095445,71.204697,966.530029,240.750000,240.781250,238.000000,248.843750
9999-99-99,99:99:99,0.000000,0.000000,7.012665,72.573433,966.640015,240.750000,241.031250,238.062500,258.375000
9999-99-99,99:99:99,0.000000,0.000000,6.983291,73.438622,966.710022,240.843750,241.031250,238.156250,252.500000
9999-99-99,99:99:99,0.000000,0.000000,6.927215,73.519493,966.669983,240.687500,240.843750,238.156250,251.281250
9999-99-99,99:99:99,0.000000,0.000000,6.815061,73.331810,966.659973,240.625000,240.812500,237.812500,251.312500
9999-99-99,99:99:99,0.000000,0.000000,6.574731,73.214310,966.510010,240.437500,240.656250,237.843750,252.625000
9999-99-99,99:99:99,0.000000,0.000000,6.435874,74.009308,966.559998,241.062500,241.218750,238.406250,256.906250
9999-99-99,99:99:99,0.000000,0.000000,6.435874,73.968109,966.599976,241.156250,241.343750,238.468750,253.031250
9999-99-99,99:99:99,0.000000,0.000000,6.337072,73.727013,966.580017,240.656250,240.812500,238.125000,252.125000
9999-99-99,99:99:99,0.000000,0.000000,6.267643,73.885712,966.690002,240.875000,241.031250,238.250000,265.031250
9999-99-99,99:99:99,0.000000,0.000000,6.224918,73.757538,966.570007,240.875000,241.062500,238.281250,257.343750
9999-99-99,99:99:99,0.000000,0.000000,6.211566,73.656822,966.609985,241.031250,241.125000,238.250000,250.843750
9999-99-99,99:99:99,0.000000,0.000000,6.195544,73.530174,966.570007,240.937500,241.062500,238.468750,251.312500
9999-99-99,99:99:99,0.000000,0.000000,6.099412,73.702599,966.599976,241.062500,241.218750,238.312500,251.906250
9999-99-99,99:99:99,0.000000,0.000000,5.901808,74.084076,966.510010,240.718750,240.812500,237.968750,250.562500
9999-99-99,99:99:99,0.000000,0.000000,5.650797,74.668495,966.539978,240.656250,240.718750,237.656250,250.718750
9999-99-99,99:99:99,0.000000,0.000000,5.394446,75.706108,966.450012,240.718750,240.906250,237.906250,252.625000
9999-99-99,99:99:99,0.000000,0.000000,5.186160,76.324104,966.520020,240.843750,240.906250,237.968750,252.531250
9999-99-99,99:99:99,0.000000,0.000000,5.001907,77.178604,966.640015,240.843750,241.125000,238.281250,252.531250
9999-99-99,99:99:99,0.000000,0.000000,4.820325,77.883575,966.640015,241.031250,241.093750,238.187500,250.750000
9999-99-99,99:99:99,0.000000,0.000000,4.665446,78.249786,966.729980,241.000000,241.125000,238.125000,247.781250
9999-99-99,99:99:99,0.000000,0.000000,4.457160,79.339287,966.789978,241.000000,241.093750,237.968750,251.968750
9999-99-99,99:99:99,0.000000,0.000000,4.342336,80.048828,966.780029,241.187500,241.468750,238.406250,252.625000
9999-99-99,99:99:99,0.000000,0.000000,4.187457,79.861145,966.650024,241.031250,241.187500,238.218750,251.812500
9999-99-99,99:99:99,0.000000,0.000000,3.992523,80.675972,966.590027,241.031250,241.125000,238.562500,251.656250
9999-99-99,99:99:99,0.000000,0.000000,3.880369,80.888077,966.530029,241.312500,241.406250,238.281250,250.687500
9999-99-99,99:99:99,0.000000,0.000000,3.808270,81.481651,966.330017,241.062500,241.187500,238.406250,250.437500
9999-99-99,99:99:99,0.000000,0.000000,3.768215,82.676430,966.419983,241.281250,241.281250,238.625000,247.156250
9999-99-99,99:99:99,0.000000,0.000000,3.738842,82.525368,966.469971,241.062500,241.093750,238.375000,248.468750
9999-99-99,99:99:99,0.000000,0.000000,3.599985,82.708473,966.559998,241.093750,241.250000,238.343750,250.125000
9999-99-99,99:99:99,0.000000,0.000000,3.458457,83.317314,966.549988,241.250000,241.312500,238.531250,249.125000
9999-99-99,99:99:99,0.000000,0.000000,3.287556,84.119934,966.539978,241.093750,241.062500,238.593750,247.656250
9999-99-99,99:99:99,0.000000,0.000000,3.132677,84.383919,966.729980,241.187500,241.250000,238.562500,250.375000
9999-99-99,99:99:99,0.000000,0.000000,2.980469,84.280159,966.719971,241.218750,241.375000,238.406250,250.343750
9999-99-99,99:99:99,0.000000,0.000000,2.756161,84.834061,966.690002,241.437500,241.437500,238.562500,245.781250
9999-99-99,99:99:99,0.000000,0.000000,2.726787,84.393074,966.669983,241.281250,241.187500,238.531250,245.125000
9999-99-99,99:99:99,0.000000,0.000000,2.644007,84.495308,966.630005,241.343750,241.312500,238.593750,245.500000
9999-99-99,99:99:99,0.000000,0.000000,2.545205,83.985657,966.719971,241.093750,241.062500,238.187500,245.625000
9999-99-99,99:99:99,0.000000,0.000000,2.446403,83.909363,966.690002,241.187500,241.187500,238.250000,247.937500
9999-99-99,99:99:99,0.000000,0.000000,2.350271,85.949493,966.750000,241.750000,241.656250,239.062500,245.750000
9999-99-99,99:99:99,0.000000,0.000000,2.376974,85.520714,966.789978,241.531250,241.406250,238.656250,246.218750
9999-99-99,99:99:99,0.000000,0.000000,2.350271,85.830475,966.859985,241.687500,241.531250,238.562500,244.593750
9999-99-99,99:99:99,0.000000,0.000000,2.419699,85.671776,966.719971,241.531250,241.500000,238.781250,246.437500
9999-99-99,99:99:99,0.000000,0.000000,2.657359,85.209427,966.710022,241.656250,241.593750,238.781250,245.531250
9999-99-99,99:99:99,0.000000,0.000000,2.881666,84.605171,966.729980,241.687500,241.593750,238.968750,245.343750
9999-99-99,99:99:99,0.000000,0.000000,3.092622,83.515678,966.530029,241.625000,241.437500,238.843750,245.968750
9999-99-99,99:99:99,0.000000,0.000000,3.316930,82.740517,966.549988,241.593750,241.468750,238.656250,244.125000
9999-99-99,99:99:99,0.000000,0.000000,3.389029,82.154572,966.239990,241.312500,241.281250,238.500000,245.312500
9999-99-99,99:99:99,0.000000,0.000000,3.557260,81.432823,966.200012,241.687500,241.500000,238.687500,244.406250
9999-99-99,99:99:99,0.000000,0.000000,3.781567,80.828568,966.090027,241.437500,241.250000,238.531250,244.156250
9999-99-99,99:99:99,0.000000,0.000000,4.005875,80.218201,966.039978,241.281250,241.187500,238.562500,244.625000
9999-99-99,99:99:99,0.000000,0.000000,4.160754,79.565117,965.929993,241.156250,241.062500,238.500000,244.968750
9999-99-99,99:99:99,0.000000,0.000000,4.312963,78.831161,965.900024,241.156250,241.062500,238.562500,245.062500
9999-99-99,99:99:99,0.000000,0.000000,4.411765,78.039215,965.789978,241.343750,241.187500,238.468750,244.343750
9999-99-99,99:99:99,0.000000,0.000000,4.425117,77.248795,965.780029,241.218750,241.093750,238.343750,242.750000
9999-99-99,99:99:99,0.000000,0.000000,4.539940,76.598763,965.909973,241.000000,240.843750,238.312500,243.156250
9999-99-99,99:99:99,0.000000,0.000000,4.694819,75.385674,966.000000,241.093750,241.000000,238.375000,245.531250
9999-99-99,99:99:99,0.000000,0.000000,4.849699,74.615089,965.849976,240.937500,240.843750,238.187500,246.843750
9999-99-99,99:99:99,0.000000,0.000000,4.988556,73.588158,965.960022,241.093750,241.093750,238.187500,247.468750
9999-99-99,99:99:99,0.000000,0.000000,5.170138,73.006790,966.030029,241.000000,240.906250,238.312500,247.968750
9999-99-99,99:99:99,0.000000,0.000000,5.338369,72.573433,966.210022,241.281250,241.187500,238.437500,245.250000
9999-99-99,99:99:99,0.000000,0.000000,5.506599,73.456932,966.349976,241.031250,240.968750,238.281250,244.500000
9999-99-99,99:99:99,0.000000,0.000000,5.410468,77.315941,966.260010,240.531250,240.625000,237.750000,248.250000
9999-99-99,99:99:99,0.000000,0.000000,5.298314,78.530556,966.150024,240.718750,240.875000,237.906250,250.812500
9999-99-99,99:99:99,0.000000,0.000000,5.199512,78.960861,966.159973,240.937500,241.250000,238.250000,250.906250
9999-99-99,99:99:99,0.000000,0.000000,5.074006,78.355080,966.049988,241.156250,241.250000,238.343750,249.500000
9999-99-99,99:99:99,0.000000,0.000000,5.087358,78.217743,965.979980,241.187500,241.375000,238.312500,252.687500
9999-99-99,99:99:99,0.000000,0.000000,5.031281,77.174026,965.890015,241.000000,241.187500,238.500000,251.343750
9999-99-99,99:99:99,0.000000,0.000000,5.100709,77.183182,965.909973,241.375000,241.718750,238.625000,254.937500
9999-99-99,99:99:99,0.000000,0.000000,5.170138,76.235596,965.880005,241.156250,241.343750,238.593750,256.531250
9999-99-99,99:99:99,0.000000,0.000000,5.212863,76.346992,966.049988,241.562500,241.906250,239.062500,254.812500
9999-99-99,99:99:99,0.000000,0.000000,5.338369,76.127258,966.030029,241.687500,242.062500,239.187500,257.125000
9999-99-99,99:99:99,0.000000,0.000000,5.479896,75.527580,965.880005,241.781250,242.250000,239.156250,265.937500
9999-99-99,99:99:99,0.000000,0.000000,5.664149,74.480812,965.909973,242.000000,242.406250,239.500000,255.562500
9999-99-99,99:99:99,0.000000,0.000000,5.776303,73.968109,965.919983,241.875000,242.031250,239.312500,252.656250
9999-99-99,99:99:99,0.000000,0.000000,5.944533,73.057144,965.969971,241.906250,242.187500,239.468750,264.062500
9999-99-99,99:99:99,0.000000,0.000000,6.112764,71.136032,965.869995,241.843750,242.187500,239.562500,255.406250
9999-99-99,99:99:99,0.000000,0.000000,6.013962,70.293739,965.719971,241.218750,241.437500,239.000000,253.281250
9999-99-99,99:99:99,0.000000,0.000000,5.957885,70.060272,965.869995,241.531250,241.718750,238.718750,262.375000
9999-99-99,99:99:99,0.000000,0.000000,5.915160,70.246429,965.909973,241.656250,242.031250,239.000000,256.343750
9999-99-99,99:99:99,0.000000,0.000000,6.027314,69.927521,965.960022,242.031250,242.281250,239.437500,273.781250
9999-99-99,99:99:99,0.000000,0.000000,6.168841,69.216446,965.830017,242.218750,242.468750,239.593750,260.281250
9999-99-99,99:99:99,0.000000,0.000000,6.363775,68.357368,965.520020,242.187500,242.562500,239.656250,259.187500
9999-99-99,99:99:99,0.000000,0.000000,6.462577,67.399101,965.580017,241.906250,242.187500,239.468750,256.468750
9999-99-99,99:99:99,0.000000,0.000000,6.561379,66.823837,965.520020,242.093750,242.312500,239.687500,257.562500
9999-99-99,99:99:99,0.000000,0.000000,6.689555,66.631569,965.479980,241.906250,242.343750,239.375000,257.062500
9999-99-99,99:99:99,0.000000,0.000000,6.969940,65.551231,965.390015,242.625000,243.031250,239.937500,259.406250
9999-99-99,99:99:99,0.000000,0.000000,7.319753,64.191650,965.260010,242.375000,242.718750,240.125000,257.437500
9999-99-99,99:99:99,0.000000,0.000000,7.530709,63.572136,965.309998,241.625000,242.187500,239.593750,258.718750
9999-99-99,99:99:99,0.000000,0.000000,7.840467,62.505531,965.320007,242.312500,242.687500,240.000000,260.906250
9999-99-99,99:99:99,0.000000,0.000000,8.302434,61.278706,965.119995,242.531250,242.875000,239.875000,255.906250
9999-99-99,99:99:99,0.000000,0.000000,8.908599,58.574806,965.020020,242.312500,242.593750,239.875000,256.500000
9999-99-99,99:99:99,0.000000,0.000000,9.594873,58.120087,964.989990,242.593750,242.937500,239.843750,257.531250
9999-99-99,99:99:99,0.000000,0.000000,11.028839,53.661404,964.739990,244.562500,244.781250,242.312500,257.281250
9999-99-99,99:99:99,0.000000,0.000000,13.125048,49.326313,964.549988,242.562500,242.812500,244.031250,256.156250
9999-99-99,99:99:99,0.000000,0.000000,15.333409,42.383461,964.479980,241.562500,242.156250,240.250000,255.218750
9999-99-99,99:99:99,0.000000,0.000000,17.215992,37.312885,964.349976,239.187500,239.437500,237.250000,249.687500
9999-99-99,99:99:99,0.000000,0.000000,19.127947,33.051041,963.010010,238.375000,238.750000,235.968750,247.750000
9999-99-99,99:99:99,0.000000,0.000000,20.887693,29.916838,962.979980,237.906250,238.375000,235.468750,245.500000
9999-99-99,99:99:99,0.000000,0.000000,22.335012,28.029297,963.130005,236.843750,236.968750,234.437500,245.656250
9999-99-99,99:99:99,0.000000,0.000000,23.392462,26.216526,963.130005,237.343750,237.656250,234.562500,243.750000
9999-99-99,99:99:99,0.000000,0.000000,24.068056,25.128557,963.030029,236.437500,236.593750,233.875000,253.562500
9999-99-99,99:99:99,0.000000,0.000000,24.855803,24.272526,963.599976,236.312500,236.468750,233.593750,233.968750
9999-99-99,99:99:99,0.000000,0.000000,25.616846,22.638285,963.710022,235.875000,235.812500,233.031250,233.312500
9999-99-99,99:99:99,0.000000,0.000000,26.599527,21.876860,963.030029,235.750000,236.187500,233.281250,233.531250
9999-99-99,99:99:99,0.000000,0.000000,27.656977,20.531013,963.390015,235.625000,235.656250,232.656250,246.156250
9999-99-99,99:99:99,0.000000,0.000000,28.471428,20.086977,963.380005,235.468750,235.406250,233.187500,244.906250
9999-99-99,99:99:99,0.000000,0.000000,28.276493,19.855040,963.530029,233.937500,233.968750,231.125000,241.656250
9999-99-99,99:99:99,0.000000,0.000000,27.136263,19.780270,963.500000,232.718750,232.562500,231.281250,233.437500
9999-99-99,99:99:99,0.000000,0.000000,25.291065,22.948044,963.659973,233.875000,233.906250,233.406250,239.406250
9999-99-99,99:99:99,0.000000,0.000000,23.913176,24.307621,963.570007,235.375000,235.375000,225.718750,240.156250
9999-99-99,99:99:99,0.000000,0.000000,22.335012,26.240940,963.450012,236.375000,236.500000,231.343750,243.093750
9999-99-99,99:99:99,0.000000,0.000000,21.606012,27.054245,963.169983,236.812500,236.718750,234.750000,242.781250
9999-99-99,99:99:99,0.000000,0.000000,20.706112,28.850233,963.169983,237.093750,237.125000,234.468750,241.843750
9999-99-99,99:99:99,0.000000,0.000000,19.846266,30.749981,962.940002,236.625000,236.687500,234.312500,244.031250
9999-99-99,99:99:99,0.000000,0.000000,19.186693,32.484932,962.909973,237.156250,237.218750,234.531250,247.843750
9999-99-99,99:99:99,0.000000,0.000000,18.708706,33.018997,962.760010,237.500000,237.531250,235.156250,253.250000
9999-99-99,99:99:99,0.000000,0.000000,18.382925,33.936066,962.530029,238.125000,238.375000,235.625000,245.531250
9999-99-99,99:99:99,0.000000,0.000000,17.878233,35.060654,962.549988,237.968750,238.468750,235.343750,249.031250
9999-99-99,99:99:99,0.000000,0.000000,17.581827,35.761044,962.349976,238.093750,238.312500,235.781250,249.968750
9999-99-99,99:99:99,0.000000,0.000000,17.496376,36.864269,962.169983,238.187500,238.531250,235.906250,249.718750
9999-99-99,99:99:99,0.000000,0.000000,17.357519,36.806286,961.979980,238.375000,238.468750,235.781250,263.843750
9999-99-99,99:99:99,0.000000,0.000000,17.232014,37.076370,961.770020,238.500000,238.406250,235.843750,247.906250
9999-99-99,99:99:99,0.000000,0.000000,17.133211,39.241627,961.859985,237.968750,238.218750,235.656250,251.000000
9999-99-99,99:99:99,0.000000,0.000000,16.794079,42.072174,961.719971,237.968750,238.093750,235.343750,249.281250
9999-99-99,99:99:99,0.000000,0.000000,16.470970,42.749676,961.830017,237.968750,238.031250,235.406250,247.687500
9999-99-99,99:99:99,0.000000,0.000000,16.302738,43.123520,961.690002,238.156250,238.343750,235.500000,248.906250
9999-99-99,99:99:99,0.000000,0.000000,15.992981,44.187077,961.669983,238.187500,238.375000,235.718750,249.218750
9999-99-99,99:99:99,0.000000,0.000000,15.683223,44.901199,961.570007,238.031250,238.187500,235.687500,250.593750
9999-99-99,99:99:99,0.000000,0.000000,15.290685,44.835583,961.640015,238.187500,238.375000,235.843750,249.031250
9999-99-99,99:99:99,0.000000,0.000000,14.417487,45.229267,961.669983,237.812500,237.906250,235.375000,245.875000
9999-99-99,99:99:99,0.000000,0.000000,14.067674,45.542076,961.669983,238.187500,238.437500,235.750000,247.343750
9999-99-99,99:99:99,0.000000,0.000000,13.434806,46.823833,961.590027,238.343750,238.468750,235.781250,249.156250
9999-99-99,99:99:99,0.000000,0.000000,13.111696,47.682919,961.530029,238.562500,238.656250,235.906250,250.062500
9999-99-99,99:99:99,0.000000,0.000000,12.633707,48.961624,961.520020,238.750000,238.937500,236.093750,248.750000
9999-99-99,99:99:99,0.000000,0.000000,12.198443,50.563820,961.440002,238.906250,239.125000,236.468750,250.781250
9999-99-99,99:99:99,0.000000,0.000000,11.621653,52.687878,961.450012,239.156250,239.218750,236.468750,249.593750
9999-99-99,99:99:99,0.000000,0.000000,11.325246,53.832302,961.469971,239.281250,239.437500,236.656250,249.812500
9999-99-99,99:99:99,0.000000,0.000000,11.157016,54.792095,961.479980,239.281250,239.468750,236.812500,250.062500
9999-99-99,99:99:99,0.000000,0.000000,10.876631,56.203556,961.400024,239.250000,239.406250,236.906250,249.937500
9999-99-99,99:99:99,0.000000,0.000000,10.622950,57.424278,961.260010,239.531250,239.812500,236.812500,251.031250
9999-99-99,99:99:99,0.000000,0.000000,10.524147,57.804226,961.309998,239.593750,239.812500,237.062500,252.656250
9999-99-99,99:99:99,0.000000,0.000000,10.395971,58.249790,961.289978,239.750000,239.968750,236.968750,256.125000
9999-99-99,99:99:99,0.000000,0.000000,10.214389,59.809261,961.229980,239.625000,239.968750,237.218750,251.343750
9999-99-99,99:99:99,0.000000,0.000000,9.976730,60.987259,961.020020,239.875000,240.093750,237.437500,254.343750
9999-99-99,99:99:99,0.000000,0.000000,9.864576,61.310749,960.950012,239.781250,239.968750,237.343750,258.437500
9999-99-99,99:99:99,0.000000,0.000000,9.594873,62.784771,960.739990,239.875000,240.156250,237.468750,251.593750
9999-99-99,99:99:99,0.000000,0.000000,9.386587,63.599602,960.609985,239.968750,240.218750,237.500000,255.156250
9999-99-99,99:99:99,0.000000,0.000000,9.343863,63.430229,960.349976,239.968750,240.250000,237.562500,252.312500
9999-99-99,99:99:99,0.000000,0.000000,9.258411,63.237965,960.440002,240.312500,240.562500,237.656250,255.125000
9999-99-99,99:99:99,0.000000,0.000000,9.106203,63.265430,960.409973,240.062500,240.312500,237.718750,252.375000
9999-99-99,99:99:99,0.000000,0.000000,8.823148,63.340199,960.309998,240.187500,240.343750,237.875000,251.531250
9999-99-99,99:99:99,0.000000,0.000000,8.668269,62.006561,960.140015,240.375000,240.562500,237.812500,250.812500
9999-99-99,99:99:99,0.000000,0.000000,8.542764,62.182041,960.070007,240.312500,240.406250,237.750000,248.875000
9999-99-99,99:99:99,0.000000,0.000000,8.457313,62.587929,959.919983,240.187500,240.281250,237.593750,250.406250
9999-99-99,99:99:99,0.000000,0.000000,8.401236,62.626080,959.940002,240.562500,240.687500,237.656250,251.406250
9999-99-99,99:99:99,0.000000,0.000000,8.318456,62.560463,959.719971,240.343750,240.437500,237.593750,251.218750
9999-99-99,99:99:99,0.000000,0.000000,8.150225,62.420082,959.609985,240.437500,240.562500,237.875000,250.906250
9999-99-99,99:99:99,0.000000,0.000000,8.190280,61.864651,959.809998,240.531250,240.750000,237.843750,253.812500
9999-99-99,99:99:99,0.000000,0.000000,8.331807,62.629131,959.789978,240.906250,241.156250,238.437500,251.000000
9999-99-99,99:99:99,0.000000,0.000000,8.275730,62.281223,959.650024,240.687500,241.031250,238.125000,255.468750
9999-99-99,99:99:99,0.000000,0.000000,8.206302,62.694744,959.659973,241.093750,241.437500,238.500000,256.593750
9999-99-99,99:99:99,0.000000,0.000000,8.150225,62.882431,959.659973,240.781250,241.000000,238.281250,253.906250
9999-99-99,99:99:99,0.000000,0.000000,8.120852,63.860531,959.789978,240.812500,241.187500,238.562500,257.406250
9999-99-99,99:99:99,0.000000,0.000000,8.024719,64.771500,959.969971,240.625000,240.843750,238.218750,254.093750
9999-99-99,99:99:99,0.000000,0.000000,7.925918,64.626534,959.840027,240.625000,240.875000,238.437500,254.281250
9999-99-99,99:99:99,0.000000,0.000000,7.869841,64.942398,959.770020,240.781250,241.093750,238.343750,257.750000
9999-99-99,99:99:99,0.000000,0.000000,7.712291,65.148392,959.650024,240.812500,241.062500,238.281250,254.937500
9999-99-99,99:99:99,0.000000,0.000000,7.629511,65.404747,959.780029,240.968750,241.250000,238.656250,254.312500
9999-99-99,99:99:99,0.000000,0.000000,7.586786,66.396584,959.940002,241.125000,241.406250,238.625000,256.937500
9999-99-99,99:99:99,0.000000,0.000000,7.487984,66.306557,959.940002,241.093750,241.375000,238.468750,254.406250
9999-99-99,99:99:99,0.000000,0.000000,7.445258,66.451515,959.890015,241.250000,241.468750,238.812500,253.156250
9999-99-99,99:99:99,0.000000,0.000000,7.293049,66.836044,960.049988,240.968750,241.125000,238.375000,250.312500
9999-99-99,99:99:99,0.000000,0.000000,7.164874,67.440300,960.049988,240.906250,241.468750,238.500000,259.000000
9999-99-99,99:99:99,0.000000,0.000000,7.026017,67.226669,960.210022,241.031250,241.125000,238.531250,251.531250
9999-99-99,99:99:99,0.000000,0.000000,6.702907,67.263298,960.190002,240.781250,240.906250,238.437500,250.156250
9999-99-99,99:99:99,0.000000,0.000000,6.633478,66.567482,960.200012,241.062500,241.156250,238.562500,249.812500
9999-99-99,99:99:99,0.000000,0.000000,6.646830,66.054779,960.270020,240.875000,241.000000,238.312500,254.125000
9999-99-99,99:99:99,0.000000,0.000000,6.307698,66.204315,960.150024,241.125000,241.187500,238.875000,249.562500
9999-99-99,99:99:99,0.000000,0.000000,6.280995,65.674828,960.080017,241.031250,241.093750,238.312500,247.593750
9999-99-99,99:99:99,0.000000,0.000000,6.182193,66.686501,959.960022,240.812500,240.906250,238.500000,249.906250
9999-99-99,99:99:99,0.000000,0.000000,5.987259,67.492180,960.000000,241.062500,241.093750,238.656250,248.531250
9999-99-99,99:99:99,0.000000,0.000000,6.083391,66.924545,959.950012,241.062500,241.281250,238.312500,251.906250
9999-99-99,99:99:99,0.000000,0.000000,6.099412,67.431145,959.900024,240.843750,240.968750,238.375000,250.343750
9999-99-99,99:99:99,0.000000,0.000000,5.819028,68.220032,959.869995,241.281250,241.343750,239.031250,248.406250
9999-99-99,99:99:99,0.000000,0.000000,5.859083,67.615776,959.760010,241.406250,241.468750,239.031250,249.562500
9999-99-99,99:99:99,0.000000,0.000000,5.832380,67.496758,959.849976,241.062500,241.031250,238.593750,249.906250
9999-99-99,99:99:99,0.000000,0.000000,5.901808,67.142746,959.880005,241.281250,241.281250,238.781250,247.468750
9999-99-99,99:99:99,0.000000,0.000000,6.083391,66.233307,959.770020,241.062500,241.093750,238.312500,249.156250
9999-99-99,99:99:99,0.000000,0.000000,6.350423,66.140228,959.880005,241.406250,241.468750,238.500000,250.562500
9999-99-99,99:99:99,0.000000,0.000000,6.604105,65.409325,960.020020,241.281250,241.375000,238.625000,248.781250
9999-99-99,99:99:99,0.000000,0.000000,6.604105,65.418480,959.940002,240.875000,240.968750,238.531250,249.343750
9999-99-99,99:99:99,0.000000,0.000000,6.574731,65.784698,959.969971,240.937500,240.968750,238.250000,248.437500
9999-99-99,99:99:99,0.000000,0.000000,6.505302,66.108185,959.859985,241.000000,241.093750,238.500000,248.218750
9999-99-99,99:99:99,0.000000,0.000000,6.406500,65.803009,959.799988,241.000000,241.093750,238.312500,249.937500
9999-99-99,99:99:99,0.000000,0.000000,6.406500,65.439842,959.750000,241.093750,241.156250,238.625000,250.656250
9999-99-99,99:99:99,0.000000,0.000000,6.182193,64.290840,959.729980,240.812500,240.781250,238.562500,248.187500
9999-99-99,99:99:99,0.000000,0.000000,6.139467,64.077209,959.880005,241.187500,241.250000,239.000000,248.937500
9999-99-99,99:99:99,0.000000,0.000000,6.294346,63.489738,959.830017,240.781250,240.937500,238.375000,248.906250
9999-99-99,99:99:99,0.000000,0.000000,6.280995,64.040588,959.830017,241.062500,241.156250,238.281250,251.531250
9999-99-99,99:99:99,0.000000,0.000000,6.280995,64.249634,959.799988,241.093750,241.218750,238.437500,250.781250
9999-99-99,99:99:99,0.000000,0.000000,6.043335,64.177917,959.780029,241.062500,241.156250,238.437500,250.093750
9999-99-99,99:99:99,0.000000,0.000000,6.099412,63.619438,959.789978,241.125000,241.250000,238.593750,250.406250
9999-99-99,99:99:99,0.000000,0.000000,6.126116,62.612343,959.919983,241.250000,241.218750,238.500000,247.968750
9999-99-99,99:99:99,0.000000,0.000000,6.013962,61.513695,959.820007,241.281250,241.187500,239.250000,247.375000
9999-99-99,99:99:99,0.000000,0.000000,6.168841,61.344318,959.900024,241.500000,241.468750,239.062500,258.875000
9999-99-99,99:99:99,0.000000,0.000000,6.379797,61.200886,959.840027,241.156250,241.218750,238.625000,249.250000
9999-99-99,99:99:99,0.000000,0.000000,6.505302,60.802624,959.770020,241.187500,241.218750,238.656250,252.968750
9999-99-99,99:99:99,0.000000,0.000000,6.662852,60.399788,959.659973,241.250000,241.468750,238.687500,252.187500
9999-99-99,99:99:99,0.000000,0.000000,6.815061,59.906921,959.580017,241.281250,241.593750,238.781250,255.031250
9999-99-99,99:99:99,0.000000,0.000000,6.884489,59.864193,959.530029,241.468750,241.781250,238.812500,258.593750
9999-99-99,99:99:99,0.000000,0.000000,6.913863,59.742123,959.479980,241.281250,241.593750,239.031250,255.968750
9999-99-99,99:99:99,0.000000,0.000000,6.927215,59.856564,959.559998,241.437500,241.812500,238.968750,260.062500
9999-99-99,99:99:99,0.000000,0.000000,7.082094,59.525444,959.619995,241.687500,242.031250,239.656250,256.906250
9999-99-99,99:99:99,0.000000,0.000000,7.124819,58.875412,959.659973,241.812500,242.031250,239.468750,259.468750
9999-99-99,99:99:99,0.000000,0.000000,7.319753,58.692303,959.669983,241.937500,242.125000,239.531250,252.781250
9999-99-99,99:99:99,0.000000,0.000000,7.277028,58.835735,959.750000,241.093750,241.312500,239.000000,252.312500
9999-99-99,99:99:99,0.000000,0.000000,7.026017,59.293507,959.770020,241.125000,241.312500,238.656250,252.312500
9999-99-99,99:99:99,0.000000,0.000000,6.956588,60.199894,959.710022,241.656250,242.156250,239.093750,256.968750
9999-99-99,99:99:99,0.000000,0.000000,6.884489,59.873348,959.770020,241.843750,242.375000,239.593750,259.437500
9999-99-99,99:99:99,0.000000,0.000000,6.884489,59.783321,959.710022,241.437500,241.750000,239.500000,259.062500
9999-99-99,99:99:99,0.000000,0.000000,6.815061,60.209049,959.780029,241.968750,242.187500,239.718750,259.593750
9999-99-99,99:99:99,0.000000,0.000000,6.758984,60.294498,959.859985,241.937500,242.125000,239.718750,254.593750
9999-99-99,99:99:99,0.000000,0.000000,6.732280,59.806210,959.799988,241.843750,242.000000,239.531250,256.718750
9999-99-99,99:99:99,0.000000,0.000000,6.775006,60.012207,959.799988,242.281250,242.531250,239.718750,254.406250
9999-99-99,99:99:99,0.000000,0.000000,6.871138,59.279774,959.760010,241.937500,242.093750,239.718750,252.187500
9999-99-99,99:99:99,0.000000,0.000000,7.026017,58.966965,959.710022,242.093750,242.187500,239.687500,254.031250
9999-99-99,99:99:99,0.000000,0.000000,7.108797,58.783855,959.710022,241.781250,241.906250,239.687500,252.406250
9999-99-99,99:99:99,0.000000,0.000000,7.220951,58.377968,959.520020,241.875000,242.093750,239.656250,250.187500
9999-99-99,99:99:99,0.000000,0.000000,7.445258,57.048904,959.409973,242.062500,242.156250,239.875000,253.156250
9999-99-99,99:99:99,0.000000,0.000000,7.698939,56.760509,959.320007,242.031250,242.281250,239.750000,255.500000
9999-99-99,99:99:99,0.000000,0.000000,7.952621,55.104904,959.179993,242.218750,242.500000,240.062500,254.062500
9999-99-99,99:99:99,0.000000,0.000000,8.190280,54.230564,959.210022,241.781250,241.875000,239.781250,257.562500
9999-99-99,99:99:99,0.000000,0.000000,8.638895,53.003738,959.020020,242.250000,242.312500,240.281250,256.343750
9999-99-99,99:99:99,0.000000,0.000000,9.202334,51.995117,958.869995,242.218750,242.781250,240.281250,260.125000
9999-99-99,99:99:99,0.000000,0.000000,9.749752,50.115204,958.840027,242.281250,242.468750,240.062500,250.875000
9999-99-99,99:99:99,0.000000,0.000000,10.270466,49.047073,958.760010,242.406250,242.593750,240.187500,252.218750
9999-99-99,99:99:99,0.000000,0.000000,12.393377,44.684521,958.260010,244.343750,244.500000,244.531250,256.000000
9999-99-99,99:99:99,0.000000,0.000000,14.318685,39.687191,958.260010,241.375000,241.531250,242.437500,257.843750
9999-99-99,99:99:99,0.000000,0.000000,16.107805,36.919205,958.090027,240.000000,240.218750,238.187500,251.937500
9999-99-99,99:99:99,0.000000,0.000000,18.257420,33.261616,957.929993,239.625000,239.718750,237.875000,248.781250
9999-99-99,99:99:99,0.000000,0.000000,20.099947,30.162508,956.369995,238.312500,238.468750,236.281250,246.656250
9999-99-99,99:99:99,0.000000,0.000000,21.827650,27.330435,956.239990,238.187500,238.375000,235.687500,245.625000
9999-99-99,99:99:99,0.000000,0.000000,23.461891,25.545128,956.340027,237.437500,237.625000,235.437500,249.375000
9999-99-99,99:99:99,0.000000,0.000000,24.658197,23.714046,956.369995,236.718750,236.843750,234.531250,245.343750
9999-99-99,99:99:99,0.000000,0.000000,25.590143,23.077745,956.309998,236.343750,236.343750,233.562500,243.187500
9999-99-99,99:99:99,0.000000,0.000000,26.431295,21.757839,956.969971,235.656250,235.687500,233.031250,241.375000
9999-99-99,99:99:99,0.000000,0.000000,27.304493,19.555962,956.750000,235.656250,235.656250,232.343750,241.406250
9999-99-99,99:99:99,0.000000,0.000000,27.950714,18.617533,956.559998,235.187500,234.937500,232.187500,239.125000
9999-99-99,99:99:99,0.000000,0.000000,28.388647,18.457314,956.380005,234.937500,235.218750,234.875000,245.875000
9999-99-99,99:99:99,0.000000,0.000000,28.599604,18.509193,956.630005,234.937500,235.156250,235.781250,247.843750
9999-99-99,99:99:99,0.000000,0.000000,26.938660,20.064089,956.789978,232.343750,232.343750,232.937500,240.593750
9999-99-99,99:99:99,0.000000,0.000000,25.347143,20.805676,956.630005,235.000000,235.125000,234.125000,251.781250
9999-99-99,99:99:99,0.000000,0.000000,24.503319,21.539635,956.330017,236.437500,236.625000,234.906250,241.687500
9999-99-99,99:99:99,0.000000,0.000000,23.547340,22.114901,956.270020,236.468750,236.500000,234.937500,242.312500
9999-99-99,99:99:99,0.000000,0.000000,22.815672,22.467384,956.099976,236.812500,236.562500,234.906250,243.468750
9999-99-99,99:99:99,0.000000,0.000000,22.321661,23.533989,956.000000,237.531250,237.437500,235.406250,239.093750
9999-99-99,99:99:99,0.000000,0.000000,21.902418,24.048218,955.950012,237.218750,237.187500,235.406250,247.562500
9999-99-99,99:99:99,0.000000,0.000000,21.507210,24.313726,955.859985,237.156250,237.125000,235.250000,244.468750
9999-99-99,99:99:99,0.000000,0.000000,20.957123,24.815748,955.619995,237.156250,237.093750,235.125000,246.156250
9999-99-99,99:99:99,0.000000,0.000000,20.463112,25.699245,955.609985,237.062500,237.281250,235.187500,243.843750
9999-99-99,99:99:99,0.000000,0.000000,19.886320,27.296864,955.640015,237.406250,237.750000,235.625000,250.406250
9999-99-99,99:99:99,0.000000,0.000000,19.341574,28.015564,955.599976,237.843750,238.156250,235.968750,255.125000
9999-99-99,99:99:99,0.000000,0.000000,18.791485,28.415350,955.559998,237.468750,237.781250,235.812500,255.000000
9999-99-99,99:99:99,0.000000,0.000000,18.382925,28.877699,955.530029,237.468750,237.812500,235.781250,253.468750
9999-99-99,99:99:99,0.000000,0.000000,18.003738,29.846647,955.549988,238.343750,238.625000,236.125000,251.062500
9999-99-99,99:99:99,0.000000,0.000000,17.752728,30.658426,955.520020,238.031250,238.625000,236.281250,256.593750
9999-99-99,99:99:99,0.000000,0.000000,17.370871,31.444267,955.539978,238.187500,238.593750,236.406250,259.125000
9999-99-99,99:99:99,0.000000,0.000000,17.077135,32.222477,955.479980,238.468750,238.656250,236.125000,247.031250
9999-99-99,99:99:99,0.000000,0.000000,16.738003,33.435570,955.489990,238.031250,238.187500,235.687500,246.937500
9999-99-99,99:99:99,0.000000,0.000000,16.358816,34.448769,955.460022,237.875000,238.125000,235.875000,253.968750
9999-99-99,99:99:99,0.000000,0.000000,16.078432,35.222401,955.609985,238.187500,238.437500,236.125000,249.875000
9999-99-99,99:99:99,0.000000,0.000000,15.699244,36.369877,955.520020,238.468750,238.843750,236.156250,251.281250
9999-99-99,99:99:99,0.000000,0.000000,15.231937,37.460899,955.549988,238.406250,238.656250,236.437500,252.500000
9999-99-99,99:99:99,0.000000,0.000000,14.785993,38.834209,955.500000,238.375000,238.625000,236.343750,258.250000
9999-99-99,99:99:99,0.000000,0.000000,14.417487,39.856564,955.460022,238.843750,239.156250,236.468750,251.875000
9999-99-99,99:99:99,0.000000,0.000000,13.982224,40.683605,955.409973,238.656250,238.906250,236.343750,250.906250
9999-99-99,99:99:99,0.000000,0.000000,13.643091,40.637829,955.440002,239.000000,239.187500,236.843750,252.312500
9999-99-99,99:99:99,0.000000,0.000000,13.293279,41.773098,955.400024,239.031250,239.281250,236.750000,253.125000
9999-99-99,99:99:99,0.000000,0.000000,13.084992,42.523842,955.330017,239.093750,239.281250,235.968750,255.187500
9999-99-99,99:99:99,0.000000,0.000000,12.815289,43.805599,955.320007,239.406250,239.750000,234.593750,256.750000
9999-99-99,99:99:99,0.000000,0.000000,12.633707,43.793392,955.299988,239.500000,239.718750,234.937500,255.406250
9999-99-99,99:99:99,0.000000,0.000000,12.422751,44.791332,955.340027,239.468750,239.875000,234.531250,252.562500
9999-99-99,99:99:99,0.000000,0.000000,12.185092,44.684521,955.250000,239.625000,239.781250,232.718750,256.750000
9999-99-99,99:99:99,0.000000,0.000000,11.984818,45.984589,955.309998,239.437500,239.750000,233.250000,254.687500
9999-99-99,99:99:99,0.000000,0.000000,11.747158,46.543068,955.440002,239.437500,239.750000,233.625000,255.687500
9999-99-99,99:99:99,0.000000,0.000000,11.522850,47.235828,955.489990,239.718750,240.031250,235.687500,253.093750
9999-99-99,99:99:99,0.000000,0.000000,11.367971,48.470284,955.659973,239.562500,239.875000,235.937500,253.437500
9999-99-99,99:99:99,0.000000,0.000000,11.170367,49.248493,955.650024,239.906250,240.218750,236.718750,258.093750
9999-99-99,99:99:99,0.000000,0.000000,11.002136,50.247959,955.700012,240.031250,240.343750,237.281250,254.125000
9999-99-99,99:99:99,0.000000,0.000000,10.820554,52.046997,955.789978,240.218750,240.687500,237.468750,269.343750
9999-99-99,99:99:99,0.000000,0.000000,10.695048,53.356220,955.859985,240.531250,240.937500,237.812500,259.750000
9999-99-99,99:99:99,0.000000,0.000000,10.566873,54.380104,955.890015,240.218750,240.781250,237.625000,260.062500
9999-99-99,99:99:99,0.000000,0.000000,10.452048,55.292591,955.900024,240.718750,241.093750,237.875000,257.000000
9999-99-99,99:99:99,0.000000,0.000000,10.299840,55.226978,955.869995,240.656250,241.000000,238.093750,258.906250
9999-99-99,99:99:99,0.000000,0.000000,10.227741,55.680172,956.020020,240.687500,241.031250,238.187500,258.437500
9999-99-99,99:99:99,0.000000,0.000000,10.102236,56.107422,956.049988,240.656250,241.031250,237.906250,254.343750
9999-99-99,99:99:99,0.000000,0.000000,9.976730,56.623177,956.039978,240.656250,240.968750,238.062500,257.531250
9999-99-99,99:99:99,0.000000,0.000000,9.907302,57.114517,956.059998,240.906250,241.250000,238.250000,257.468750
9999-99-99,99:99:99,0.000000,0.000000,9.795148,57.882050,955.750000,240.968750,241.531250,238.437500,259.187500
9999-99-99,99:99:99,0.000000,0.000000,9.720379,58.564125,955.830017,241.218750,241.656250,238.531250,260.187500
9999-99-99,99:99:99,0.000000,0.000000,9.680324,59.365223,955.780029,241.250000,241.625000,238.687500,259.468750
9999-99-99,99:99:99,0.000000,0.000000,9.594873,58.519875,955.840027,240.875000,241.250000,238.093750,256.468750
9999-99-99,99:99:99,0.000000,0.000000,9.426642,58.701458,955.849976,241.062500,241.281250,238.437500,254.593750
9999-99-99,99:99:99,0.000000,0.000000,9.245060,59.449150,955.929993,240.718750,240.937500,235.281250,252.843750
9999-99-99,99:99:99,0.000000,0.000000,9.063478,60.706493,956.130005,240.968750,241.250000,235.500000,256.968750
9999-99-99,99:99:99,0.000000,0.000000,8.895247,61.742580,955.950012,241.093750,241.437500,236.062500,257.062500
9999-99-99,99:99:99,0.000000,0.000000,8.767071,61.956207,955.880005,241.281250,241.562500,235.531250,256.968750
9999-99-99,99:99:99,0.000000,0.000000,8.625544,62.304111,955.859985,241.031250,241.218750,235.250000,253.000000
9999-99-99,99:99:99,0.000000,0.000000,8.569467,62.973984,955.960022,241.187500,241.437500,235.625000,253.125000
9999-99-99,99:99:99,0.000000,0.000000,8.430610,63.457695,955.979980,241.000000,241.156250,235.312500,252.531250
9999-99-99,99:99:99,0.000000,0.000000,8.246357,62.502480,955.950012,241.062500,241.312500,235.281250,255.625000
9999-99-99,99:99:99,0.000000,0.000000,7.952621,62.761883,955.859985,240.843750,241.031250,235.125000,252.031250
9999-99-99,99:99:99,0.000000,0.000000,7.813764,63.399712,955.950012,241.093750,241.312500,235.062500,255.906250
9999-99-99,99:99:99,0.000000,0.000000,7.685588,63.508049,956.020020,241.000000,241.093750,234.875000,249.093750
9999-99-99,99:99:99,0.000000,0.000000,7.501335,63.701839,956.109985,240.968750,241.062500,234.375000,249.437500
9999-99-99,99:99:99,0.000000,0.000000,7.349126,64.219116,956.239990,240.968750,241.093750,234.656250,248.718750
9999-99-99,99:99:99,0.000000,0.000000,7.151522,64.397652,956.210022,240.812500,240.843750,234.375000,248.187500
9999-99-99,99:99:99,0.000000,0.000000,7.082094,65.679405,956.250000,241.031250,241.125000,235.281250,250.906250
9999-99-99,99:99:99,0.000000,0.000000,7.052720,65.513084,956.369995,241.156250,241.312500,234.812500,250.250000
9999-99-99,99:99:99,0.000000,0.000000,7.095445,65.290306,956.229980,241.156250,241.343750,235.281250,250.343750
9999-99-99,99:99:99,0.000000,0.000000,7.068742,65.528343,956.130005,241.156250,241.343750,235.343750,252.656250
9999-99-99,99:99:99,0.000000,0.000000,6.940566,65.578697,956.140015,241.187500,241.218750,235.875000,250.875000
9999-99-99,99:99:99,0.000000,0.000000,6.913863,65.842682,955.849976,241.281250,241.375000,235.968750,247.843750
9999-99-99,99:99:99,0.000000,0.000000,6.884489,65.647362,955.789978,241.031250,241.093750,235.343750,247.750000
9999-99-99,99:99:99,0.000000,0.000000,6.913863,65.574120,955.960022,241.093750,241.125000,235.343750,248.062500
9999-99-99,99:99:99,0.000000,0.000000,6.913863,65.487144,955.979980,241.000000,241.062500,235.218750,249.062500
9999-99-99,99:99:99,0.000000,0.000000,6.940566,65.146866,955.969971,241.031250,241.062500,235.031250,248.500000
9999-99-99,99:99:99,0.000000,0.000000,6.815061,65.494774,955.950012,240.781250,240.781250,234.750000,245.562500
9999-99-99,99:99:99,0.000000,0.000000,6.633478,65.604637,955.890015,240.812500,240.781250,234.843750,247.218750
9999-99-99,99:99:99,0.000000,0.000000,6.574731,65.037003,955.859985,240.718750,240.687500,234.906250,249.031250
9999-99-99,99:99:99,0.000000,0.000000,6.449225,65.046158,955.869995,240.687500,240.625000,234.843750,247.312500
9999-99-99,99:99:99,0.000000,0.000000,6.406500,64.849319,955.880005,240.906250,241.187500,235.031250,251.093750
9999-99-99,99:99:99,0.000000,0.000000,6.251621,64.959183,955.719971,240.875000,240.875000,235.468750,247.281250
9999-99-99,99:99:99,0.000000,0.000000,6.195544,64.338142,955.679993,241.093750,241.062500,235.093750,243.281250
9999-99-99,99:99:99,0.000000,0.000000,6.155489,63.906311,955.530029,240.875000,240.875000,235.093750,244.093750
9999-99-99,99:99:99,0.000000,0.000000,6.139467,64.145874,955.400024,241.187500,241.187500,234.906250,242.125000
9999-99-99,99:99:99,0.000000,0.000000,6.155489,64.643318,955.400024,240.937500,241.000000,234.843750,245.937500
9999-99-99,99:99:99,0.000000,0.000000,6.056687,64.267952,955.239990,240.937500,240.968750,234.937500,235.343750
9999-99-99,99:99:99,0.000000,0.000000,6.043335,64.185547,955.169983,240.593750,240.718750,234.593750,235.093750
9999-99-99,99:99:99,0.000000,0.000000,5.875105,64.702827,955.140015,240.656250,240.687500,234.562500,235.062500
9999-99-99,99:99:99,0.000000,0.000000,5.720226,65.217056,955.059998,240.781250,240.812500,236.437500,236.718750
9999-99-99,99:99:99,0.000000,0.000000,5.581369,65.560387,955.130005,240.625000,240.656250,238.218750,238.531250
9999-99-99,99:99:99,0.000000,0.000000,5.437171,66.036469,955.140015,241.062500,241.093750,238.687500,238.968750
9999-99-99,99:99:99,0.000000,0.000000,5.437171,65.903717,955.039978,241.156250,241.093750,238.468750,238.750000
9999-99-99,99:99:99,0.000000,0.000000,5.437171,65.944916,954.979980,240.750000,240.781250,238.156250,245.250000
9999-99-99,99:99:99,0.000000,0.000000,5.479896,66.375221,955.049988,241.062500,241.125000,238.437500,238.812500
9999-99-99,99:99:99,0.000000,0.000000,5.410468,66.520180,955.010010,240.750000,240.812500,238.500000,238.937500
9999-99-99,99:99:99,0.000000,0.000000,5.354391,66.713966,954.989990,241.000000,241.125000,238.500000,238.968750
9999-99-99,99:99:99,0.000000,0.000000,5.268940,66.228729,954.909973,240.906250,240.906250,238.437500,238.843750
9999-99-99,99:99:99,0.000000,0.000000,5.212863,66.356911,954.890015,240.968750,241.093750,238.437500,239.718750
9999-99-99,99:99:99,0.000000,0.000000,5.044632,66.489662,954.630005,241.125000,241.187500,238.625000,238.968750
9999-99-99,99:99:99,0.000000,0.000000,5.017930,66.695656,954.630005,241.718750,241.656250,239.437500,239.750000
9999-99-99,99:99:99,0.000000,0.000000,5.100709,66.565956,954.840027,241.093750,241.125000,238.562500,238.937500
9999-99-99,99:99:99,0.000000,0.000000,5.057984,66.759750,954.799988,240.906250,241.000000,238.437500,238.812500
9999-99-99,99:99:99,0.000000,0.000000,5.001907,66.892502,954.659973,241.125000,241.250000,238.343750,238.812500
9999-99-99,99:99:99,0.000000,0.000000,5.074006,67.043564,954.780029,241.656250,241.781250,239.031250,239.343750
9999-99-99,99:99:99,0.000000,0.000000,5.001907,66.707863,954.859985,241.281250,241.375000,238.593750,239.000000
9999-99-99,99:99:99,0.000000,0.000000,4.988556,67.304497,954.919983,241.375000,241.437500,238.906250,239.281250
9999-99-99,99:99:99,0.000000,0.000000,4.905776,68.197144,955.010010,241.343750,241.406250,238.687500,239.062500
9999-99-99,99:99:99,0.000000,0.000000,4.820325,69.790192,955.169983,241.187500,241.343750,238.718750,239.125000
9999-99-99,99:99:99,0.000000,0.000000,4.721523,70.457008,955.270020,241.281250,241.406250,238.718750,239.093750
9999-99-99,99:99:99,0.000000,0.000000,4.609369,70.774399,955.460022,241.531250,241.781250,238.906250,239.562500
9999-99-99,99:99:99,0.000000,0.000000,4.609369,71.538872,955.369995,242.093750,242.250000,239.656250,240.062500
9999-99-99,99:99:99,0.000000,0.000000,4.721523,69.724571,955.380005,242.375000,242.750000,240.000000,240.562500
9999-99-99,99:99:99,0.000000,0.000000,4.932479,70.206757,955.219971,242.875000,243.312500,240.843750,241.593750
9999-99-99,99:99:99,0.000000,0.000000,5.130083,69.958038,955.070007,242.875000,243.312500,240.937500,241.968750
9999-99-99,99:99:99,0.000000,0.000000,5.268940,69.706261,955.109985,242.687500,243.281250,240.687500,241.406250
9999-99-99,99:99:99,0.000000,0.000000,5.423820,67.943848,954.940002,242.812500,243.187500,240.718750,241.375000
9999-99-99,99:99:99,0.000000,0.000000,5.720226,68.181885,955.030029,243.593750,244.031250,241.625000,242.281250
9999-99-99,99:99:99,0.000000,0.000000,5.845731,65.963226,954.919983,242.250000,242.343750,240.406250,240.812500
9999-99-99,99:99:99,0.000000,0.000000,5.971237,66.039520,955.130005,242.687500,242.968750,240.468750,241.187500
9999-99-99,99:99:99,0.000000,0.000000,6.224918,65.041580,955.150024,243.000000,243.406250,241.125000,241.906250
9999-99-99,99:99:99,0.000000,0.000000,6.983291,63.079269,955.159973,243.625000,243.968750,241.625000,260.875000
9999-99-99,99:99:99,0.000000,0.000000,7.800412,59.996948,954.979980,243.593750,243.750000,241.843750,261.593750
9999-99-99,99:99:99,0.000000,0.000000,8.345160,58.289463,955.020020,243.531250,243.906250,241.656250,254.468750
9999-99-99,99:99:99,0.000000,0.000000,8.793775,56.879532,954.950012,243.281250,243.593750,240.937500,254.656250
9999-99-99,99:99:99,0.000000,0.000000,9.370565,54.686810,954.719971,243.281250,243.500000,240.906250,251.437500
9999-99-99,99:99:99,0.000000,0.000000,10.032807,52.013428,954.700012,243.593750,243.875000,241.593750,256.687500
9999-99-99,99:99:99,0.000000,0.000000,10.735104,49.463646,954.909973,243.531250,243.718750,241.718750,253.343750
9999-99-99,99:99:99,0.000000,0.000000,11.269169,47.780575,954.960022,243.062500,243.375000,241.468750,251.656250
9999-99-99,99:99:99,0.000000,0.000000,11.608301,46.887924,955.080017,242.812500,242.875000,240.968750,252.218750
9999-99-99,99:99:99,0.000000,0.000000,12.014191,46.599525,955.000000,242.687500,242.875000,240.875000,252.687500
9999-99-99,99:99:99,0.000000,0.000000,12.409400,44.551765,954.700012,242.406250,242.500000,240.812500,251.718750
9999-99-99,99:99:99,0.000000,0.000000,12.916762,45.307087,954.460022,242.687500,242.812500,241.312500,255.062500
9999-99-99,99:99:99,0.000000,0.000000,13.349356,43.938354,954.289978,242.781250,242.843750,240.718750,249.968750
9999-99-99,99:99:99,0.000000,0.000000,14.601740,41.287861,953.820007,243.968750,244.000000,242.062500,251.406250
9999-99-99,99:99:99,0.000000,0.000000,15.795377,38.789959,953.840027,242.031250,242.000000,241.281250,249.562500
9999-99-99,99:99:99,0.000000,0.000000,16.780727,36.626232,953.330017,240.937500,240.937500,241.093750,248.437500
9999-99-99,99:99:99,0.000000,0.000000,17.653925,33.890289,954.000000,239.906250,239.875000,241.312500,249.781250
9999-99-99,99:99:99,0.000000,0.000000,17.357519,34.737164,954.619995,239.187500,239.218750,239.406250,247.656250
9999-99-99,99:99:99,0.000000,0.000000,17.456322,34.950790,954.659973,238.531250,238.718750,238.875000,245.250000
9999-99-99,99:99:99,0.000000,0.000000,17.272068,35.529106,954.500000,239.281250,239.406250,238.750000,252.093750
9999-99-99,99:99:99,0.000000,0.000000,17.103838,36.696423,954.840027,239.593750,239.625000,238.281250,243.625000
9999-99-99,99:99:99,0.000000,0.000000,18.003738,35.738155,954.909973,241.093750,240.968750,240.000000,244.781250
9999-99-99,99:99:99,0.000000,0.000000,17.469673,36.520943,955.250000,239.625000,239.562500,238.312500,243.250000
9999-99-99,99:99:99,0.000000,0.000000,17.077135,37.740139,955.510010,239.968750,239.968750,238.062500,246.062500
9999-99-99,99:99:99,0.000000,0.000000,16.428244,38.673992,955.659973,239.062500,238.968750,237.531250,243.343750
9999-99-99,99:99:99,0.000000,0.000000,15.263981,41.484703,955.669983,239.218750,239.093750,237.125000,244.593750
9999-99-99,99:99:99,0.000000,0.000000,15.191882,41.942474,955.510010,239.750000,239.718750,237.968750,246.687500
9999-99-99,99:99:99,0.000000,0.000000,14.855421,42.900742,955.700012,240.062500,240.343750,238.312500,246.125000
9999-99-99,99:99:99,0.000000,0.000000,13.899443,44.461739,956.150024,239.281250,239.343750,237.531250,249.312500
9999-99-99,99:99:99,0.000000,0.000000,13.055619,46.114288,956.200012,239.218750,239.218750,236.906250,246.812500
9999-99-99,99:99:99,0.000000,0.000000,12.577630,48.009460,956.260010,240.187500,240.281250,237.875000,247.343750
9999-99-99,99:99:99,0.000000,0.000000,12.000839,49.158466,956.380005,239.875000,239.875000,237.750000,246.281250
9999-99-99,99:99:99,0.000000,0.000000,11.928741,50.174717,956.380005,240.843750,241.031250,238.812500,248.531250
9999-99-99,99:99:99,0.000000,0.000000,11.760509,50.019073,956.549988,240.531250,240.531250,238.375000,248.218750
9999-99-99,99:99:99,0.000000,0.000000,11.424048,51.509880,956.640015,240.125000,240.156250,237.750000,247.687500
9999-99-99,99:99:99,0.000000,0.000000,11.226444,52.274357,956.580017,240.500000,240.656250,238.125000,249.468750
9999-99-99,99:99:99,0.000000,0.000000,10.975433,52.906082,956.669983,240.218750,240.281250,237.718750,251.531250
9999-99-99,99:99:99,0.000000,0.000000,11.397345,51.360340,956.559998,241.125000,241.062500,238.750000,247.250000
9999-99-99,99:99:99,0.000000,0.000000,11.789884,50.733196,956.570007,241.156250,241.093750,238.937500,247.937500
9999-99-99,99:99:99,0.000000,0.000000,11.971466,49.153889,956.760010,241.093750,241.125000,238.718750,247.312500
9999-99-99,99:99:99,0.000000,0.000000,12.155718,48.044556,956.950012,240.500000,240.500000,238.093750,246.218750
9999-99-99,99:99:99,0.000000,0.000000,11.760509,49.712368,957.159973,239.906250,240.093750,237.625000,247.343750
9999-99-99,99:99:99,0.000000,0.000000,11.397345,51.850155,957.219971,240.093750,240.625000,238.125000,259.843750
9999-99-99,99:99:99,0.000000,0.000000,11.100939,52.539864,957.280029,240.281250,240.531250,238.062500,256.843750
9999-99-99,99:99:99,0.000000,0.000000,10.919356,53.910126,957.489990,240.531250,240.781250,238.375000,259.437500
9999-99-99,99:99:99,0.000000,0.000000,10.764477,55.645077,957.619995,240.250000,240.437500,237.968750,249.781250
9999-99-99,99:99:99,0.000000,0.000000,10.609598,55.963989,957.869995,240.781250,240.812500,238.500000,250.500000
9999-99-99,99:99:99,0.000000,0.000000,10.369268,56.789501,957.989990,240.875000,241.031250,238.406250,251.718750
9999-99-99,99:99:99,0.000000,0.000000,10.131609,57.859158,958.000000,240.656250,241.000000,238.437500,253.562500
9999-99-99,99:99:99,0.000000,0.000000,9.934005,58.925766,958.090027,240.750000,241.031250,238.625000,252.250000
9999-99-99,99:99:99,0.000000,0.000000,9.821851,59.682613,958.429993,240.875000,241.000000,238.687500,252.625000
9999-99-99,99:99:99,0.000000,0.000000,9.707026,60.428780,958.469971,240.562500,240.625000,238.406250,254.562500
9999-99-99,99:99:99,0.000000,0.000000,9.525444,61.179523,958.599976,240.781250,241.000000,238.531250,257.312500
9999-99-99,99:99:99,0.000000,0.000000,9.386587,61.705959,958.770020,240.625000,240.687500,238.468750,250.875000
9999-99-99,99:99:99,0.000000,0.000000,9.218356,62.729839,959.010010,240.593750,240.531250,238.031250,247.343750
9999-99-99,99:99:99,0.000000,0.000000,9.007401,64.383919,959.119995,240.625000,240.750000,238.218750,252.500000
9999-99-99,99:99:99,0.000000,0.000000,8.780422,65.215530,959.280029,240.562500,240.500000,238.000000,249.031250
9999-99-99,99:99:99,0.000000,0.000000,8.598841,66.137177,959.359985,241.187500,241.500000,238.750000,250.156250
9999-99-99,99:99:99,0.000000,0.000000,8.401236,65.783173,959.510010,240.843750,240.906250,238.093750,249.281250
9999-99-99,99:99:99,0.000000,0.000000,8.176929,66.543068,959.530029,240.500000,240.468750,238.000000,247.687500
9999-99-99,99:99:99,0.000000,0.000000,7.939269,67.508965,959.669983,240.687500,240.750000,238.000000,246.906250
9999-99-99,99:99:99,0.000000,0.000000,7.757687,68.554207,959.599976,240.906250,240.937500,238.562500,250.343750
9999-99-99,99:99:99,0.000000,0.000000,7.656214,69.651329,959.599976,242.062500,242.250000,239.625000,255.156250
9999-99-99,99:99:99,0.000000,0.000000,7.600137,69.066910,959.979980,241.031250,241.000000,238.531250,247.062500
9999-99-99,99:99:99,0.000000,0.000000,7.501335,69.719994,960.080017,241.187500,241.156250,238.750000,246.437500
9999-99-99,99:99:99,0.000000,0.000000,7.375830,70.403603,960.229980,241.437500,241.500000,238.718750,249.250000
9999-99-99,99:99:99,0.000000,0.000000,7.277028,70.598915,960.080017,241.281250,241.250000,238.718750,249.843750
9999-99-99,99:99:99,0.000000,0.000000,7.293049,70.955978,960.119995,241.125000,241.156250,238.687500,247.218750
9999-99-99,99:99:99,0.000000,0.000000,7.207599,70.751511,960.210022,241.156250,241.156250,238.375000,247.000000
9999-99-99,99:99:99,0.000000,0.000000,7.095445,71.857788,960.330017,241.281250,241.312500,238.781250,249.843750
9999-99-99,99:99:99,0.000000,0.000000,7.052720,71.633476,960.400024,241.156250,241.250000,238.718750,248.562500
9999-99-99,99:99:99,0.000000,0.000000,6.956588,71.854736,960.530029,241.000000,240.968750,238.562500,247.875000
9999-99-99,99:99:99,0.000000,0.000000,6.884489,72.307930,960.679993,241.187500,241.187500,238.781250,249.875000
9999-99-99,99:99:99,0.000000,0.000000,6.801709,72.802322,960.830017,241.500000,241.625000,239.000000,250.687500
9999-99-99,99:99:99,0.000000,0.000000,6.702907,72.060730,961.049988,241.250000,241.250000,238.718750,247.968750
9999-99-99,99:99:99,0.000000,0.000000,6.574731,72.466621,961.000000,241.281250,241.343750,238.781250,249.000000
9999-99-99,99:99:99,0.000000,0.000000,6.462577,72.198059,961.140015,241.000000,241.062500,238.593750,248.812500
9999-99-99,99:99:99,0.000000,0.000000,6.363775,72.834366,961.340027,241.406250,241.406250,238.937500,248.343750
9999-99-99,99:99:99,0.000000,0.000000,6.251621,73.292137,961.349976,241.343750,241.468750,238.812500,254.031250
9999-99-99,99:99:99,0.000000,0.000000,6.224918,73.195999,961.500000,241.406250,241.437500,238.687500,248.500000
9999-99-99,99:99:99,0.000000,0.000000,6.182193,73.450829,961.770020,241.531250,241.531250,238.937500,248.562500
9999-99-99,99:99:99,0.000000,0.000000,6.168841,73.067825,961.679993,241.312500,241.312500,239.031250,248.218750
9999-99-99,99:99:99,0.000000,0.000000,6.139467,72.961014,961.729980,241.406250,241.437500,238.750000,248.031250
9999-99-99,99:99:99,0.000000,0.000000,6.099412,73.086136,961.890015,241.562500,241.625000,238.875000,247.531250
9999-99-99,99:99:99,0.000000,0.000000,6.168841,73.002213,962.000000,241.687500,241.750000,239.125000,249.500000
9999-99-99,99:99:99,0.000000,0.000000,6.224918,72.590218,962.190002,241.625000,241.625000,239.031250,249.468750
9999-99-99,99:99:99,0.000000,0.000000,6.379797,72.394905,962.340027,241.687500,241.718750,239.187500,247.781250
9999-99-99,99:99:99,0.000000,0.000000,6.518654,71.905090,962.580017,241.625000,241.656250,239.218750,247.406250
9999-99-99,99:99:99,0.000000,0.000000,6.617456,71.396965,962.630005,241.656250,241.656250,239.093750,247.718750
9999-99-99,99:99:99,0.000000,0.000000,6.801709,71.131454,962.820007,241.812500,241.968750,239.250000,250.718750
9999-99-99,99:99:99,0.000000,0.000000,6.956588,70.797287,962.880005,241.781250,241.781250,239.156250,248.781250
9999-99-99,99:99:99,0.000000,0.000000,7.095445,70.440224,963.059998,241.718750,241.781250,239.281250,247.156250
9999-99-99,99:99:99,0.000000,0.000000,7.164874,69.991608,963.119995,241.406250,241.343750,238.843750,246.593750
9999-99-99,99:99:99,0.000000,0.000000,7.207599,70.128937,963.299988,241.406250,241.406250,238.875000,247.218750
9999-99-99,99:99:99,0.000000,0.000000,7.333105,70.008392,963.250000,241.406250,241.375000,238.968750,247.125000
9999-99-99,99:99:99,0.000000,0.000000,7.445258,70.325783,963.460022,241.500000,241.437500,238.875000,247.343750
9999-99-99,99:99:99,0.000000,0.000000,7.445258,70.466164,963.469971,241.250000,241.375000,238.875000,248.937500
9999-99-99,99:99:99,0.000000,0.000000,7.530709,70.411232,963.590027,241.531250,241.562500,238.906250,246.031250
9999-99-99,99:99:99,0.000000,0.000000,7.573434,70.238800,963.679993,241.343750,241.281250,238.687500,246.562500
9999-99-99,99:99:99,0.000000,0.000000,7.685588,70.215912,963.719971,241.437500,241.437500,239.000000,247.718750
9999-99-99,99:99:99,0.000000,0.000000,7.685588,70.283058,963.840027,241.250000,241.218750,238.562500,246.093750
9999-99-99,99:99:99,0.000000,0.000000,7.712291,70.229645,963.890015,241.250000,241.156250,238.593750,246.000000
9999-99-99,99:99:99,0.000000,0.000000,7.757687,70.131989,964.159973,241.312500,241.281250,238.625000,246.281250
9999-99-99,99:99:99,0.000000,0.000000,7.784390,70.069427,964.229980,241.156250,241.156250,238.625000,245.500000
9999-99-99,99:99:99,0.000000,0.000000,7.813764,69.881744,964.309998,241.125000,241.062500,238.562500,245.718750
9999-99-99,99:99:99,0.000000,0.000000,7.840467,70.449379,964.210022,241.062500,241.031250,238.656250,246.312500
9999-99-99,99:99:99,0.000000,0.000000,7.840467,70.856796,964.380005,241.406250,241.500000,238.656250,246.656250
9999-99-99,99:99:99,0.000000,0.000000,7.856489,70.873581,964.349976,241.281250,241.250000,238.562500,245.937500
9999-99-99,99:99:99,0.000000,0.000000,7.856489,70.682838,964.349976,241.250000,241.187500,238.625000,246.406250
9999-99-99,99:99:99,0.000000,0.000000,7.869841,71.102463,964.390015,241.281250,241.187500,238.687500,245.531250
9999-99-99,99:99:99,0.000000,0.000000,7.725643,71.488518,964.599976,241.062500,241.093750,238.437500,248.281250
9999-99-99,99:99:99,0.000000,0.000000,7.501335,71.747917,964.609985,240.937500,240.906250,238.437500,246.187500
9999-99-99,99:99:99,0.000000,0.000000,7.445258,71.978333,964.599976,240.968750,240.937500,238.437500,247.437500
9999-99-99,99:99:99,0.000000,0.000000,7.389181,72.095825,964.830017,241.031250,240.968750,238.437500,245.656250
9999-99-99,99:99:99,0.000000,0.000000,7.517357,71.692986,964.789978,241.437500,241.406250,238.656250,246.968750
9999-99-99,99:99:99,0.000000,0.000000,7.656214,71.523613,964.760010,241.250000,241.187500,238.687500,246.750000
9999-99-99,99:99:99,0.000000,0.000000,7.784390,71.747917,964.539978,241.562500,241.562500,238.812500,245.531250
9999-99-99,99:99:99,0.000000,0.000000,7.869841,74.421303,964.630005,241.406250,241.312500,238.968750,246.250000
9999-99-99,99:99:99,0.000000,0.000000,7.883192,74.851608,964.750000,241.062500,240.968750,238.500000,245.312500
9999-99-99,99:99:99,0.000000,0.000000,7.600137,76.643013,964.890015,240.718750,240.718750,238.062500,246.562500
9999-99-99,99:99:99,0.000000,0.000000,7.501335,76.734566,965.109985,241.062500,241.000000,238.500000,263.812500
9999-99-99,99:99:99,0.000000,0.000000,7.474632,75.133896,965.159973,241.406250,241.281250,238.375000,245.468750
9999-99-99,99:99:99,0.000000,0.000000,7.333105,74.563210,965.239990,241.062500,241.062500,238.437500,247.218750
9999-99-99,99:99:99,0.000000,0.000000,7.236973,74.480812,965.429993,240.937500,240.875000,238.687500,245.906250
9999-99-99,99:99:99,0.000000,0.000000,7.277028,73.928436,965.500000,241.062500,241.000000,238.781250,247.156250
9999-99-99,99:99:99,0.000000,0.000000,7.220951,74.041351,965.489990,241.000000,241.031250,238.531250,246.093750
9999-99-99,99:99:99,0.000000,0.000000,7.180896,74.230560,965.520020,241.156250,241.093750,238.562500,245.781250
9999-99-99,99:99:99,0.000000,0.000000,7.124819,75.074387,965.619995,240.906250,240.843750,238.437500,245.875000
9999-99-99,99:99:99,0.000000,0.000000,7.138170,76.452278,965.900024,241.093750,241.062500,238.562500,246.031250
9999-99-99,99:99:99,0.000000,0.000000,7.124819,76.969559,966.239990,241.218750,241.187500,238.687500,246.437500
9999-99-99,99:99:99,0.000000,0.000000,7.151522,77.196915,966.349976,241.343750,241.500000,238.781250,249.937500
9999-99-99,99:99:99,0.000000,0.000000,7.194247,76.502632,966.549988,241.187500,241.125000,238.750000,245.875000
9999-99-99,99:99:99,0.000000,0.000000,7.108797,75.770203,966.619995,241.187500,241.156250,238.812500,247.187500
9999-99-99,99:99:99,0.000000,0.000000,7.039368,75.541313,966.729980,241.062500,241.000000,238.562500,248.968750
9999-99-99,99:99:99,0.000000,0.000000,7.039368,75.727470,966.979980,241.281250,241.218750,238.656250,245.718750
9999-99-99,99:99:99,0.000000,0.000000,7.026017,75.974670,967.090027,241.375000,241.406250,238.750000,257.437500
9999-99-99,99:99:99,0.000000,0.000000,7.026017,76.025024,967.190002,241.218750,241.156250,238.718750,245.718750
9999-99-99,99:99:99,0.000000,0.000000,6.996643,76.804764,967.349976,241.250000,241.250000,238.718750,246.750000
9999-99-99,99:99:99,0.000000,0.000000,6.996643,76.786453,967.469971,241.343750,241.343750,238.718750,247.656250
9999-99-99,99:99:99,0.000000,0.000000,7.039368,77.225906,967.599976,241.531250,241.562500,239.125000,253.187500
9999-99-99,99:99:99,0.000000,0.000000,7.052720,77.198441,967.719971,241.437500,241.406250,238.937500,247.843750
9999-99-99,99:99:99,0.000000,0.000000,7.068742,78.464943,967.840027,241.468750,241.437500,238.906250,248.093750
9999-99-99,99:99:99,0.000000,0.000000,7.095445,79.006638,967.940002,241.312500,241.218750,238.968750,245.218750
9999-99-99,99:99:99,0.000000,0.000000,7.039368,79.153122,968.070007,241.406250,241.437500,239.000000,246.187500
9999-99-99,99:99:99,0.000000,0.000000,7.052720,78.709084,968.390015,241.500000,241.406250,238.812500,251.468750
9999-99-99,99:99:99,0.000000,0.000000,6.969940,78.396278,968.440002,241.281250,241.218750,238.750000,246.062500
9999-99-99,99:99:99,0.000000,0.000000,7.026017,78.222321,968.429993,241.406250,241.343750,238.781250,248.968750
9999-99-99,99:99:99,0.000000,0.000000,7.124819,78.869308,968.489990,241.437500,241.500000,239.031250,271.593750
9999-99-99,99:99:99,0.000000,0.000000,7.263676,78.594643,968.679993,241.875000,241.843750,239.250000,249.656250
9999-99-99,99:99:99,0.000000,0.000000,7.418555,78.126190,968.729980,241.437500,241.437500,239.093750,248.312500
9999-99-99,99:99:99,0.000000,0.000000,7.530709,77.422752,968.859985,241.500000,241.468750,239.062500,246.468750
9999-99-99,99:99:99,0.000000,0.000000,7.656214,76.496529,968.900024,241.656250,241.625000,239.156250,247.343750
9999-99-99,99:99:99,0.000000,0.000000,7.912566,74.943161,969.080017,241.875000,241.875000,239.093750,246.937500
9999-99-99,99:99:99,0.000000,0.000000,8.038072,74.546425,969.260010,241.531250,241.562500,238.906250,247.093750
9999-99-99,99:99:99,0.000000,0.000000,8.318456,73.702599,969.179993,241.875000,241.843750,239.312500,247.000000
9999-99-99,99:99:99,0.000000,0.000000,8.767071,72.582588,969.309998,242.000000,241.968750,239.468750,245.875000
9999-99-99,99:99:99,0.000000,0.000000,9.287786,70.347145,969.150024,242.156250,242.093750,239.437500,247.562500
9999-99-99,99:99:99,0.000000,0.000000,10.003433,68.059814,969.200012,242.156250,242.093750,239.593750,246.937500
9999-99-99,99:99:99,0.000000,0.000000,10.171664,67.364006,969.229980,241.343750,241.281250,239.000000,248.375000
9999-99-99,99:99:99,0.000000,0.000000,10.382620,65.940338,969.210022,241.093750,240.968750,238.750000,271.062500
9999-99-99,99:99:99,0.000000,0.000000,10.566873,65.203323,969.109985,241.562500,241.437500,239.406250,244.875000
9999-99-99,99:99:99,0.000000,0.000000,11.480125,62.749676,968.960022,242.687500,242.593750,240.187500,245.343750
9999-99-99,99:99:99,0.000000,0.000000,11.269169,62.775616,969.190002,240.718750,240.625000,238.562500,244.000000
9999-99-99,99:99:99,0.000000,0.000000,11.084916,63.356983,969.179993,240.656250,240.562500,238.343750,245.218750
9999-99-99,99:99:99,0.000000,0.000000,11.127642,63.512627,969.109985,241.218750,241.343750,238.968750,248.000000
9999-99-99,99:99:99,0.000000,0.000000,11.282521,63.170826,969.090027,241.343750,241.312500,238.968750,245.781250
9999-99-99,99:99:99,0.000000,0.000000,11.480125,62.749676,969.049988,241.437500,241.437500,239.031250,246.500000
9999-99-99,99:99:99,0.000000,0.000000,11.789884,61.493858,968.969971,241.500000,241.531250,239.187500,248.218750
9999-99-99,99:99:99,0.000000,0.000000,11.888685,60.335697,968.890015,241.218750,241.125000,239.156250,243.531250
9999-99-99,99:99:99,0.000000,0.000000,11.536202,61.051346,969.250000,240.218750,240.093750,238.218750,247.000000
9999-99-99,99:99:99,0.000000,0.000000,11.213092,62.676434,969.510010,240.218750,240.250000,238.250000,250.812500
9999-99-99,99:99:99,0.000000,0.000000,11.028839,63.161671,969.539978,240.531250,240.781250,238.593750,245.937500
9999-99-99,99:99:99,0.000000,0.000000,10.735104,63.619438,969.419983,240.656250,240.687500,238.281250,244.937500
9999-99-99,99:99:99,0.000000,0.000000,10.721752,63.810177,969.440002,240.843750,240.968750,238.625000,247.781250
9999-99-99,99:99:99,0.000000,0.000000,10.863279,63.331043,969.489990,241.218750,241.218750,238.781250,245.343750
9999-99-99,99:99:99,0.000000,0.000000,11.157016,61.930267,969.400024,241.343750,241.187500,239.218750,246.812500
9999-99-99,99:99:99,0.000000,0.000000,11.213092,61.916534,969.549988,241.406250,241.343750,238.656250,246.000000
9999-99-99,99:99:99,0.000000,0.000000,11.269169,61.765469,969.520020,241.187500,241.031250,238.843750,246.593750
9999-99-99,99:99:99,0.000000,0.000000,11.253147,61.696804,969.530029,241.375000,241.343750,238.687500,246.687500
9999-99-99,99:99:99,0.000000,0.000000,11.226444,61.403831,969.760010,240.687500,240.531250,238.500000,245.156250
9999-99-99,99:99:99,0.000000,0.000000,11.058213,61.586937,969.500000,240.531250,240.406250,237.687500,243.187500
9999-99-99,99:99:99,0.000000,0.000000,10.919356,62.322422,969.650024,240.312500,240.375000,238.437500,245.843750
9999-99-99,99:99:99,0.000000,0.000000,10.820554,62.752728,969.539978,240.875000,240.750000,238.500000,245.125000
9999-99-99,99:99:99,0.000000,0.000000,10.791181,62.800030,969.739990,240.812500,240.718750,238.375000,245.125000
9999-99-99,99:99:99,0.000000,0.000000,10.537499,63.869686,969.780029,240.375000,240.312500,238.156250,247.437500
9999-99-99,99:99:99,0.000000,0.000000,10.299840,64.750137,970.049988,240.406250,240.375000,238.437500,266.218750
9999-99-99,99:99:99,0.000000,0.000000,9.864576,66.420998,970.140015,240.437500,240.875000,238.000000,246.312500
9999-99-99,99:99:99,0.000000,0.000000,9.552148,67.103073,970.260010,240.562500,240.406250,237.968750,245.937500
9999-99-99,99:99:99,0.000000,0.000000,9.301137,68.068970,970.409973,240.500000,240.437500,238.000000,244.156250
9999-99-99,99:99:99,0.000000,0.000000,9.034104,69.097427,970.570007,240.843750,240.781250,238.281250,251.250000
9999-99-99,99:99:99,0.000000,0.000000,8.823148,70.174713,970.750000,240.812500,240.750000,238.312500,245.406250
9999-99-99,99:99:99,0.000000,0.000000,8.569467,71.280998,970.950012,240.843750,240.843750,238.000000,246.343750
9999-99-99,99:99:99,0.000000,0.000000,8.331807,72.407112,971.059998,240.843750,240.843750,238.375000,245.843750
9999-99-99,99:99:99,0.000000,0.000000,8.120852,73.080032,971.109985,241.062500,241.062500,238.281250,249.062500
9999-99-99,99:99:99,0.000000,0.000000,7.939269,73.745323,971.250000,241.000000,241.000000,238.437500,248.375000
9999-99-99,99:99:99,0.000000,0.000000,7.771039,74.842453,971.510010,240.812500,240.843750,238.281250,246.687500
9999-99-99,99:99:99,0.000000,0.000000,7.656214,75.349052,971.619995,241.062500,241.093750,238.281250,245.437500
9999-99-99,99:99:99,0.000000,0.000000,7.544060,75.297173,971.710022,240.906250,240.875000,238.281250,245.937500
9999-99-99,99:99:99,0.000000,0.000000,7.405203,75.449760,971.900024,240.937500,240.812500,238.062500,247.968750
9999-99-99,99:99:99,0.000000,0.000000,7.263676,75.985352,971.950012,240.968750,240.906250,238.375000,244.875000
9999-99-99,99:99:99,0.000000,0.000000,7.164874,76.626228,972.030029,241.187500,241.187500,238.500000,247.031250
9999-99-99,99:99:99,0.000000,0.000000,7.095445,76.693367,972.059998,241.187500,241.125000,238.312500,245.156250
9999-99-99,99:99:99,0.000000,0.000000,7.012665,76.615547,972.239990,241.031250,240.937500,238.343750,244.875000
9999-99-99,99:99:99,0.000000,0.000000,6.940566,77.059586,972.440002,241.125000,241.031250,238.562500,245.312500
9999-99-99,99:99:99,0.000000,0.000000,6.900511,76.917679,972.450012,241.156250,241.062500,238.437500,244.906250
9999-99-99,99:99:99,0.000000,0.000000,6.844434,76.990921,972.599976,240.968750,240.906250,238.593750,246.937500
9999-99-99,99:99:99,0.000000,0.000000,6.758984,77.326622,972.700012,241.156250,241.093750,238.406250,244.750000
9999-99-99,99:99:99,0.000000,0.000000,6.745632,77.418175,972.809998,241.062500,241.031250,238.468750,245.531250
9999-99-99,99:99:99,0.000000,0.000000,6.758984,77.695885,972.659973,241.468750,241.437500,238.781250,246.218750
9999-99-99,99:99:99,0.000000,0.000000,6.801709,77.320518,972.700012,241.312500,241.250000,238.656250,245.531250
9999-99-99,99:99:99,0.000000,0.000000,6.633478,78.086517,972.710022,241.125000,241.000000,238.312500,245.031250
9999-99-99,99:99:99,0.000000,0.000000,6.561379,78.799118,972.669983,241.062500,241.750000,238.437500,254.656250
9999-99-99,99:99:99,0.000000,0.000000,6.633478,78.327614,972.440002,241.312500,241.375000,238.562500,245.906250
9999-99-99,99:99:99,0.000000,0.000000,6.633478,78.242157,972.650024,241.187500,241.125000,238.500000,249.093750
9999-99-99,99:99:99,0.000000,0.000000,6.588083,78.850998,972.770020,241.281250,241.281250,238.625000,247.000000
9999-99-99,99:99:99,0.000000,0.000000,6.633478,78.881516,972.940002,241.406250,241.406250,238.687500,251.968750
9999-99-99,99:99:99,0.000000,0.000000,6.702907,78.649574,972.770020,241.437500,241.406250,238.843750,247.281250
9999-99-99,99:99:99,0.000000,0.000000,6.617456,78.941025,972.770020,241.093750,241.031250,238.531250,244.968750
9999-99-99,99:99:99,0.000000,0.000000,6.732280,78.759445,972.890015,241.531250,241.718750,239.000000,248.250000
9999-99-99,99:99:99,0.000000,0.000000,6.758984,78.846420,972.830017,241.468750,241.437500,238.875000,245.312500
9999-99-99,99:99:99,0.000000,0.000000,6.815061,78.707558,972.950012,241.437500,241.343750,238.812500,249.500000
9999-99-99,99:99:99,0.000000,0.000000,6.788357,79.093613,972.789978,241.281250,241.250000,238.875000,245.406250
9999-99-99,99:99:99,0.000000,0.000000,6.828413,79.084457,972.650024,241.343750,241.281250,238.812500,246.031250
9999-99-99,99:99:99,0.000000,0.000000,6.844434,79.288933,972.869995,241.343750,241.375000,238.843750,247.187500
9999-99-99,99:99:99,0.000000,0.000000,6.940566,79.194321,972.909973,241.562500,241.625000,238.968750,252.781250
9999-99-99,99:99:99,0.000000,0.000000,7.082094,78.918137,972.880005,241.781250,241.875000,239.187500,246.718750
9999-99-99,99:99:99,0.000000,0.000000,7.124819,78.942551,972.750000,241.625000,241.687500,239.156250,249.406250
9999-99-99,99:99:99,0.000000,0.000000,7.108797,79.023422,972.849976,241.593750,241.750000,239.062500,250.531250
9999-99-99,99:99:99,0.000000,0.000000,7.194247,79.038681,973.010010,241.906250,241.937500,239.437500,250.062500
9999-99-99,99:99:99,0.000000,0.000000,7.263676,78.553444,972.890015,241.406250,241.406250,239.093750,247.968750
9999-99-99,99:99:99,0.000000,0.000000,7.277028,78.895248,972.619995,241.593750,241.593750,238.875000,246.625000
9999-99-99,99:99:99,0.000000,0.000000,7.263676,79.020370,972.669983,241.468750,241.437500,239.250000,248.000000
9999-99-99,99:99:99,0.000000,0.000000,7.194247,79.363701,972.549988,241.656250,241.625000,239.000000,247.843750
9999-99-99,99:99:99,0.000000,0.000000,7.263676,79.359123,972.520020,241.750000,241.781250,239.125000,249.562500
9999-99-99,99:99:99,0.000000,0.000000,7.389181,78.991379,972.570007,241.812500,241.687500,239.000000,245.312500
9999-99-99,99:99:99,0.000000,0.000000,7.474632,78.731972,972.570007,241.468750,241.406250,238.968750,245.843750
9999-99-99,99:99:99,0.000000,0.000000,7.418555,78.635841,972.359985,241.468750,241.437500,238.875000,243.468750
9999-99-99,99:99:99,0.000000,0.000000,7.405203,78.466469,972.380005,241.562500,241.531250,239.000000,244.875000
9999-99-99,99:99:99,0.000000,0.000000,7.389181,78.272682,972.349976,241.406250,241.468750,238.937500,239.343750
9999-99-99,99:99:99,0.000000,0.000000,7.418555,77.930878,972.479980,241.375000,241.343750,238.781250,239.031250
9999-99-99,99:99:99,0.000000,0.000000,7.431907,77.036697,972.390015,241.500000,241.437500,238.718750,239.000000
9999-99-99,99:99:99,0.000000,0.000000,7.517357,75.823608,972.450012,241.281250,241.250000,238.906250,239.125000
9999-99-99,99:99:99,0.000000,0.000000,7.544060,74.668495,972.359985,241.218750,241.125000,238.593750,238.843750
9999-99-99,99:99:99,0.000000,0.000000,7.586786,74.221405,972.340027,241.218750,241.156250,238.625000,238.906250
9999-99-99,99:99:99,0.000000,0.000000,7.600137,72.251472,972.190002,241.156250,240.937500,238.656250,238.718750
9999-99-99,99:99:99,0.000000,0.000000,7.669566,72.092773,972.190002,241.218750,241.125000,238.625000,238.750000
9999-99-99,99:99:99,0.000000,0.000000,7.725643,71.816589,972.270020,240.968750,240.750000,238.406250,238.531250
9999-99-99,99:99:99,0.000000,0.000000,7.757687,71.488518,972.479980,241.125000,240.937500,238.312500,238.375000
9999-99-99,99:99:99,0.000000,0.000000,7.757687,71.102463,972.450012,240.843750,240.625000,238.250000,238.375000
9999-99-99,99:99:99,0.000000,0.000000,7.744335,70.852219,972.539978,240.718750,240.531250,238.218750,238.375000
9999-99-99,99:99:99,0.000000,0.000000,7.712291,70.682838,972.650024,240.562500,240.375000,238.062500,238.156250
9999-99-99,99:99:99,0.000000,0.000000,7.656214,69.872589,972.619995,241.031250,240.812500,238.218750,238.312500
9999-99-99,99:99:99,0.000000,0.000000,7.656214,70.156403,972.700012,240.843750,240.718750,238.125000,238.218750
9999-99-99,99:99:99,0.000000,0.000000,7.669566,69.454491,972.799988,240.781250,240.625000,238.125000,241.531250
9999-99-99,99:99:99,0.000000,0.000000,7.981994,68.467232,972.719971,240.781250,240.625000,238.187500,241.625000
9999-99-99,99:99:99,0.000000,0.000000,8.401236,67.101547,972.890015,240.812500,240.562500,238.093750,240.656250
9999-99-99,99:99:99,0.000000,0.000000,8.486687,66.398109,972.799988,240.562500,240.312500,237.750000,240.468750
9999-99-99,99:99:99,0.000000,0.000000,8.694972,65.867096,972.789978,241.031250,240.843750,238.218750,242.250000
9999-99-99,99:99:99,0.000000,0.000000,8.767071,65.133133,972.789978,240.593750,240.375000,237.906250,240.281250
9999-99-99,99:99:99,0.000000,0.000000,8.780422,64.333565,972.849976,240.625000,240.406250,237.781250,241.218750
9999-99-99,99:99:99,0.000000,0.000000,8.793775,64.557869,972.900024,240.468750,240.250000,237.718750,240.218750
9999-99-99,99:99:99,0.000000,0.000000,8.807126,64.644844,972.960022,240.750000,240.593750,237.812500,240.656250
9999-99-99,99:99:99,0.000000,0.000000,8.681621,64.702827,972.880005,240.500000,240.250000,237.687500,240.437500
9999-99-99,99:99:99,0.000000,0.000000,8.737698,64.895096,972.890015,240.531250,240.406250,237.687500,242.187500
9999-99-99,99:99:99,0.000000,0.000000,8.582818,65.372704,972.929993,240.343750,240.093750,237.468750,240.156250
9999-99-99,99:99:99,0.000000,0.000000,8.414588,65.806061,972.830017,240.562500,240.718750,237.531250,242.562500
9999-99-99,99:99:99,0.000000,0.000000,8.345160,66.086823,972.570007,240.562500,240.312500,237.500000,240.406250
9999-99-99,99:99:99,0.000000,0.000000,8.302434,66.671242,972.619995,240.531250,240.468750,237.718750,243.343750
9999-99-99,99:99:99,0.000000,0.000000,8.246357,66.813156,972.640015,240.718750,240.531250,237.687500,241.562500
9999-99-99,99:99:99,0.000000,0.000000,8.107500,67.313652,972.580017,240.406250,240.625000,237.781250,245.875000
9999-99-99,99:99:99,0.000000,0.000000,8.120852,67.312126,972.669983,240.687500,240.562500,237.875000,242.375000
9999-99-99,99:99:99,0.000000,0.000000,7.995346,67.682915,972.679993,240.406250,240.343750,237.593750,246.187500
9999-99-99,99:99:99,0.000000,0.000000,7.995346,67.798889,972.729980,240.437500,240.250000,237.750000,241.968750
9999-99-99,99:99:99,0.000000,0.000000,7.968643,67.959106,972.780029,240.593750,240.468750,237.812500,242.906250
9999-99-99,99:99:99,0.000000,0.000000,7.896544,68.200195,972.799988,240.531250,240.375000,237.812500,242.375000
9999-99-99,99:99:99,0.000000,0.000000,7.869841,68.232239,972.780029,240.750000,240.656250,237.937500,242.875000
9999-99-99,99:99:99,0.000000,0.000000,7.827115,68.383308,972.659973,240.656250,240.500000,237.843750,243.968750
9999-99-99,99:99:99,0.000000,0.000000,7.883192,68.081177,972.770020,240.906250,240.906250,238.000000,248.625000
9999-99-99,99:99:99,0.000000,0.000000,7.840467,68.044556,972.739990,240.531250,240.343750,237.906250,241.750000
9999-99-99,99:99:99,0.000000,0.000000,7.869841,67.881287,972.650024,240.812500,240.750000,238.125000,244.625000
9999-99-99,99:99:99,0.000000,0.000000,7.856489,67.972839,972.690002,240.625000,240.468750,237.875000,242.812500
9999-99-99,99:99:99,0.000000,0.000000,7.952621,67.563896,972.890015,240.781250,240.656250,238.000000,244.312500
9999-99-99,99:99:99,0.000000,0.000000,8.080796,67.212936,973.039978,240.937500,240.812500,238.031250,242.437500
9999-99-99,99:99:99,0.000000,0.000000,8.233006,66.822311,973.200012,240.875000,240.687500,238.187500,244.906250
9999-99-99,99:99:99,0.000000,0.000000,8.443961,66.045624,973.049988,241.031250,240.875000,238.062500,244.250000
9999-99-99,99:99:99,0.000000,0.000000,8.638895,65.267418,973.049988,240.875000,240.718750,238.125000,244.843750
9999-99-99,99:99:99,0.000000,0.000000,8.895247,64.429695,972.960022,240.906250,240.781250,238.093750,241.937500
9999-99-99,99:99:99,0.000000,0.000000,9.175632,63.439384,972.940002,240.968750,240.750000,238.031250,244.031250
9999-99-99,99:99:99,0.000000,0.000000,9.482719,62.185093,973.020020,241.093750,240.937500,238.500000,243.593750
9999-99-99,99:99:99,0.000000,0.000000,9.808499,61.028458,973.039978,241.125000,241.000000,238.500000,243.906250
9999-99-99,99:99:99,0.000000,0.000000,10.144960,60.062561,973.080017,241.031250,240.875000,238.562500,245.031250
9999-99-99,99:99:99,0.000000,0.000000,10.494774,58.513771,973.010010,241.062500,240.875000,238.250000,243.968750
9999-99-99,99:99:99,0.000000,0.000000,10.988785,56.595711,972.960022,241.312500,241.250000,238.500000,245.250000
9999-99-99,99:99:99,0.000000,0.000000,11.522850,55.068283,973.049988,241.187500,241.093750,238.625000,244.843750
9999-99-99,99:99:99,0.000000,0.000000,11.944762,53.748379,973.109985,241.031250,240.906250,238.437500,245.531250
9999-99-99,99:99:99,0.000000,0.000000,12.056916,53.025101,973.409973,240.656250,240.531250,238.000000,241.500000
9999-99-99,99:99:99,0.000000,0.000000,12.436103,52.347599,973.450012,240.906250,240.781250,237.843750,246.656250
9999-99-99,99:99:99,0.000000,0.000000,12.785916,50.476845,973.539978,240.750000,240.593750,238.343750,243.343750
9999-99-99,99:99:99,0.000000,0.000000,12.871367,53.418785,973.679993,240.250000,240.093750,237.468750,244.312500
9999-99-99,99:99:99,0.000000,0.000000,12.759212,54.288548,973.580017,239.750000,239.625000,237.125000,243.093750
9999-99-99,99:99:99,0.000000,0.000000,12.815289,53.168537,973.619995,240.312500,240.218750,237.625000,243.156250
9999-99-99,99:99:99,0.000000,0.000000,13.125048,51.694515,973.659973,240.718750,240.812500,238.000000,241.406250
9999-99-99,99:99:99,0.000000,0.000000,13.421454,49.991608,973.539978,240.937500,240.875000,238.250000,242.437500
9999-99-99,99:99:99,0.000000,0.000000,13.773937,46.634624,973.539978,240.562500,240.500000,238.156250,242.281250
9999-99-99,99:99:99,0.000000,0.000000,13.800641,46.324863,973.450012,240.093750,239.906250,237.343750,242.468750
9999-99-99,99:99:99,0.000000,0.000000,13.899443,45.243000,973.359985,239.937500,239.750000,237.468750,241.500000
9999-99-99,99:99:99,0.000000,0.000000,14.123751,43.898682,973.390015,240.031250,239.937500,237.406250,240.312500
9999-99-99,99:99:99,0.000000,0.000000,13.560311,48.700695,973.849976,238.625000,238.343750,236.875000,238.906250
9999-99-99,99:99:99,0.000000,0.000000,13.293279,52.187382,973.679993,239.843750,239.593750,238.343750,240.125000
9999-99-99,99:99:99,0.000000,0.000000,13.587014,53.543907,973.659973,240.593750,240.343750,239.000000,240.062500
9999-99-99,99:99:99,0.000000,0.000000,13.955520,54.230564,973.710022,240.718750,240.437500,238.843750,239.343750
9999-99-99,99:99:99,0.000000,0.000000,14.278629,54.642559,973.770020,240.875000,240.562500,238.625000,238.843750
9999-99-99,99:99:99,0.000000,0.000000,14.601740,54.760052,974.080017,240.781250,240.500000,238.468750,238.812500
9999-99-99,99:99:99,0.000000,0.000000,14.994278,51.168079,973.030029,241.281250,241.000000,238.843750,240.312500
9999-99-99,99:99:99,0.000000,0.000000,16.625849,55.190357,973.109985,244.531250,244.281250,241.281250,243.125000
9999-99-99,99:99:99,0.000000,0.000000,18.580530,52.706188,972.909973,242.468750,242.250000,240.562500,241.812500
9999-99-99,99:99:99,0.000000,0.000000,20.030518,51.061264,972.789978,239.187500,238.968750,237.281250,239.312500
9999-99-99,99:99:99,0.000000,0.000000,20.986496,49.346149,972.690002,237.937500,237.687500,235.437500,237.375000
9999-99-99,99:99:99,0.000000,0.000000,21.675440,47.609673,972.669983,237.437500,237.156250,235.093750,236.843750
9999-99-99,99:99:99,0.000000,0.000000,22.238880,46.398109,972.650024,237.281250,237.000000,234.906250,236.218750
2018-01-28,13:24:08,0.000000,0.000000,22.941177,40.569160,972.469971,213.000000,210.906250,229.812500,231.625000